use mohitdb;

-- Create the table
CREATE TABLE station (
    ID INT,
    CITY VARCHAR(255),
    STATE VARCHAR(255),
    LAT_N DECIMAL(20, 10),
    LONG_W DECIMAL(20, 10)
);

-- Insert all the rows without hiding any
INSERT INTO station (id, city, state, lat_n, long_w) VALUES
(794, 'Kissee Mills', 'MO', 36.8490885600, -93.9710464800),
(824, 'Loma Mar', 'CA', 37.2364847200, -122.2185482000),
(603, 'Sandy Hook', 'CT', 41.4226581000, -73.2823536000),
(478, 'Tipton', 'IN', 40.2823772700, -86.0410839400),
(619, 'Arlington', 'CO', 39.6425679200, -103.6740408000),
(802, 'Worcester', 'MA', 42.2698065000, -71.8110478000),
(272, 'Eastchester', 'NY', 40.9554893500, -73.8088782300),
(948, 'Galva', 'IL', 41.1769768200, -90.0363303500),
(418, 'Jamaica', 'NY', 40.6914857300, -73.8056771100),
(837, 'Colton', 'CA', 34.0779275500, -117.3136542000),
(394, 'Delaware', 'OH', 40.2840465400, -83.0684251500),
(303, 'Wichita', 'KS', 37.6922367900, -97.3375446800),
(216, 'Muncie', 'IN', 40.1447786100, -85.3848689000),
(153, 'Tucson', 'AZ', 32.3293801800, -111.1387057000),
(670, 'Santa Clara', 'CA', 37.3541132700, -121.9551741000),
(916, 'Long Branch', 'NJ', 40.3319252500, -73.9966981900),
(303, 'Wichita', 'KS', 37.6922367900, -97.3375446800),
(937, 'Bradley Beach', 'NJ', 40.2043250400, -74.0094284900),
(674, 'Orlando', 'FL', 28.3591300400, -81.4219214000),
(901, 'Spokane', 'WA', 47.6725816800, -117.4144124000),
(700, 'Sun Valley', 'CA', 34.2267562200, -118.3677682000),
(598, 'Boston', 'MA', 42.3602534000, -71.0582912000),
(569, 'Saint Charles', 'MO', 38.7758401900, -90.5117644000),
(470, 'Alpine', 'CA', 32.8319777300, -116.7666967000),
(394, 'Delaware', 'OH', 40.2840465400, -83.0684251500),
(168, 'El Paso', 'TX', 31.8438406100, -106.3857477000),
(587, 'Wales', 'ND', 48.3888006300, -98.2280189700),
(734, 'Jackson', 'MS', 32.2911833400, -90.1848101800),
(948, 'Galva', 'IL', 41.1769768200, -90.0363303500),
(231, 'Mount Juliet', 'TN', 36.2000555900, -86.5186040000),
(151, 'Huntsville', 'AL', 34.7449769500, -86.4996541800),
(216, 'Muncie', 'IN', 40.1447786100, -85.3848689000),
(363, 'Tolleson', 'AZ', 33.4500968200, -112.2768693000),
(667, 'Phoenix', 'AZ', 33.7249034700, -112.3650219000),
(347, 'Newport Beach', 'CA', 33.6189101700, -117.9289478000),
(463, 'Allentown', 'PA', 40.6133552200, -75.4713970000),
(464, 'Woodside', 'NY', 40.7512098300, -73.9031326400),
(903, 'Salem', 'OR', 44.9238558900, -123.0423861000),
(301, 'Rockwood', 'MI', 42.0411417200, -83.1908150000),
(961, 'Tecumseh', 'MI', 42.0046048200, -83.9442004800),
(616, 'Fairfax', 'CA', 37.9847871800, -122.6015756000),
(925, 'Silver Springs', 'NV', 39.4194669400, -119.2516394000),
(120, 'Cincinnati', 'OH', 39.1722504300, -84.5692175000),
(150, 'Havana', 'IL', 40.2413428300, -90.0248162400),
(896, 'Hazelwood', 'MO', 38.7712254600, -90.3709496900),
(709, 'Clovis', 'CA', 36.8282163000, -119.6847134000),
(640, 'Hampton', 'VA', 37.0484762900, -76.2976637700),
(178, 'Gardena', 'CA', 33.8914599500, -118.2786252000),
(614, 'Philadelphia', 'PA', 40.0075047800, -75.2828385000),
(377, 'Anderson', 'CA', 40.4480751000, -122.2971323000),
(506, 'Lakeland', 'FL', 28.0394658900, -81.9498048800),
(186, 'New York', 'NY', 40.7383801800, -74.0066999300),
(284, 'Parker', 'SD', 43.7961131200, -97.8530702500),
(832, 'Baltimore', 'MD', 39.2870632300, -76.6168302100),
(552, 'Wilmington', 'DE', 39.7334572800, -75.5827971800),
(999, 'York', 'PA', 39.9625984000, -76.7277450000),
(804, 'Waterbury', 'CT', 41.5582825800, -73.0514964800),
(623, 'Klamath Falls', 'OR', 42.2258973800, -121.8016453000),
(812, 'Galveston', 'TX', 29.3653356700, -94.8810240500),
(974, 'Pell City', 'AL', 33.5604167500, -86.2734413200),
(254, 'Lake Worth', 'FL', 26.6158987500, -80.0593351100),
(997, 'Riverside', 'NJ', 40.0347558700, -74.9571688800),
(698, 'Sun Valley', 'NV', 39.6170775300, -119.9050601000),
(873, 'Clermont', 'FL', 28.5137742800, -81.7465112200),
(810, 'Glenville', 'WV', 38.9690834300, -80.8332904400),
(109, 'Bloomington', 'IL', 40.4842022900, -88.9936877100),
(764, 'Pismo Beach', 'CA', 35.1359380200, -120.6356533000),
(188, 'St. Louis', 'MO', 38.6270024900, -90.1994042000),
(158, 'Independence', 'KS', 37.2231344800, -95.7083139400),
(901, 'Spokane', 'WA', 47.6725816800, -117.4144124000),
(219, 'El Paso', 'TX', 31.7673374200, -106.4584875000),
(103, 'Chicago', 'IL', 41.7842348800, -87.6052400300),
(493, 'Farmington', 'MI', 42.4645212300, -83.3763221200),
(751, 'Vancouver', 'WA', 45.6720759400, -122.5534385000),
(151, 'Huntsville', 'AL', 34.7449769500, -86.4996541800),
(358, 'Maple Plain', 'MN', 45.0060779500, -93.5814403800),
(239, 'Chicago', 'IL', 41.8862591800, -87.6388253800),
(904, 'Topeka', 'KS', 39.0558238800, -95.6890182700),
(771, 'Bakersfield', 'CA', 35.3626871800, -119.0541809000),
(874, 'Lake Worth', 'FL', 26.6184615800, -80.0594483100),
(611, 'Germantown', 'MD', 39.1999397700, -77.2382521200),
(858, 'Johnson', 'KS', 38.7447756600, -95.0495425800),
(486, 'Jacksonville', 'NC', 34.7830780400, -77.4602546600),
(876, 'Little Rock', 'AR', 34.7464809600, -92.2895948000),
(884, 'Miami', 'FL', 25.7789382000, -80.2195269500),
(979, 'Fort Worth', 'TX', 32.7501975900, -97.3291560100),
(177, 'Long Beach', 'CA', 33.7700503900, -118.1937395000),
(590, 'Hawthorne', 'CA', 33.9164032000, -118.3525748000),
(242, 'Fresno', 'CA', 36.7767781900, -119.7181012000),
(885, 'San Antonio', 'TX', 29.4611430800, -98.5418002300),
(799, 'Austin', 'TX', 30.3257913800, -97.6379213600),
(208, 'San Francisco', 'CA', 37.7726404000, -122.4099153000),
(732, 'Indianapolis', 'IN', 39.7400094900, -86.1519364800),
(999, 'York', 'PA', 39.9625984000, -76.7277450000),
(804, 'Waterbury', 'CT', 41.5582825800, -73.0514964800),
(623, 'Klamath Falls', 'OR', 42.2258973800, -121.8016453000);


SELECT city
FROM station
WHERE SUBSTR(CITY,1,1) IN ('a','e','i','o','u');

SELECT CITY,
CAST(LONG_W AS DECIMAL(9,4))
FROM station
WHERE LAT_N = (SELECT MAX(LAT_N)
                         FROM station 
                         WHERE LAT_N < 137.2345);
                         
                         
-- CREATE TABLE blunder (
--     ID INT,
--     NAME VARCHAR(255),
--     SALARY INT
-- );

-- INSERT INTO blunder (ID, NAME, SALARY)
-- VALUES
--     (1, 'Ashley', 2340),
--     (2, 'Julia', 1198),
--     (3, 'Britney', 9009),
--     (4, 'Kristeen', 2341),
--     (5, 'Dyana', 9990),
--     (6, 'Diana', 8011),
--     (7, 'Jenny', 2341),
--     (8, 'Christeen', 2342),
--     (9, 'Meera', 2343),
--     (10, 'Priya', 2344),
--     (11, 'Priyanka', 2345),
--     (12, 'Paige', 2346),
--     (13, 'Jane', 2347),
--     (14, 'Belvet', 2348),
--     (15, 'Scarlet', 2349),
--     (16, 'Salma', 9087),
--     (17, 'Amanda', 7777),
--     (18, 'Aamina', 5500),
--     (19, 'Amina', 2570),
--     (20, 'Ketty', 2007);

SELECT * FROM blunder;

SELECT AVG(Salary) from blunder;

SELECT '*'*20;

use mohitdb;

CREATE TABLE company_nc (
    company_code varchar(255),
    founder varchar(255)
);

INSERT INTO company_nc (company_code, founder)
VALUES
('C93', 'Jesse'),
('C46', 'Lori'),
('C98', 'Christine'),
('C9', 'Joe'),
('C63', 'Dorothy'),
('C49', 'John'),
('C44', 'Lawrence'),
('C76', 'Marilyn'),
('C35', 'Donna'),
('C26', 'Paul'),
('C100', 'Aaron'),
('C45', 'Marilyn'),
('C30', 'Ralph'),
('C65', 'Phillip'),
('C70', 'Brandon'),
('C58', 'Paul'),
('C99', 'Lillian'),
('C42', 'Elizabeth'),
('C78', 'Nancy'),
('C33', 'David'),
('C15', 'Joe'),
('C68', 'David'),
('C13', 'Pamela'),
('C69', 'Willie'),
('C22', 'Harry'),
('C34', 'Joyce'),
('C85', 'Anna'),
('C43', 'Joseph'),
('C29', 'Robin'),
('C17', 'Melissa'),
('C24', 'Julia'),
('C3', 'Patrick'),
('C83', 'Alan'),
('C86', 'James'),
('C2', 'Frank'),
('C54', 'Paula'),
('C23', 'David'),
('C77', 'Norma'),
('C64', 'Evelyn'),
('C18', 'Carol'),
('C89', 'Andrew'),
('C90', 'Roy'),
('C12', 'Amy'),
('C80', 'Keith'),
('C81', 'Benjamin'),
('C55', 'Kimberly'),
('C72', 'Emily'),
('C57', 'Martin'),
('C75', 'Dorothy'),
('C20', 'Marilyn'),
('C16', 'Linda'),
('C32', 'Victor'),
('C36', 'Michelle'),
('C62', 'John'),
('C6', 'Bonnie'),
('C96', 'Gregory'),
('C95', 'Patricia'),
('C61', 'Diana'),
('C71', 'Ann'),
('C19', 'Paula'),
('C21', 'Jennifer'),
('C8', 'Todd'),
('C59', 'Antonio'),
('C4', 'Lisa'),
('C41', 'Brandon'),
('C73', 'Dorothy'),
('C92', 'Christina'),
('C27', 'James'),
('C79', 'Andrew'),
('C14', 'Maria'),
('C1', 'Angela'),
('C84', 'Tammy'),
('C7', 'Michael'),
('C40', 'Christina'),
('C66', 'Evelyn'),
('C48', 'Jesse'),
('C5', 'Kimberly'),
('C11', 'Robert'),
('C39', 'Walter'),
('C60', 'Jacqueline'),
('C51', 'Timothy'),
('C74', 'Jonathan'),
('C10', 'Earl'),
('C87', 'Robin'),
('C82', 'Charles'),
('C28', 'Kelly'),
('C25', 'Kevin'),
('C97', 'Brian'),
('C56', 'Louise'),
('C91', 'Diana'),
('C88', 'Jean'),
('C38', 'Gerald'),
('C53', 'Anthony'),
('C52', 'Christine'),
('C37', 'Stephanie'),
('C67', 'Debra'),
('C50', 'Martha'),
('C31', 'Gloria'),
('C47', 'Matthew'),
('C94', 'Joyce');
select * from company_nc;

CREATE TABLE lead_manager_nc (
    lead_manager_code varchar(255),
    company_code varchar(255)
);

INSERT INTO lead_manager_nc (lead_manager_code, company_code)
VALUES
('LM76', 'C76'),
('LM74', 'C74'),
('LM10', 'C10'),
('LM78', 'C78'),
('LM55', 'C55'),
('LM6', 'C6'),
('LM34', 'C34'),
('LM46', 'C46'),
('LM3', 'C3'),
('LM15', 'C15'),
('LM30', 'C30'),
('LM32', 'C32'),
('LM37', 'C37'),
('LM89', 'C89'),
('LM66', 'C66'),
('LM76', 'C76'),
('LM19', 'C19'),
('LM8', 'C8'),
('LM42', 'C42'),
('LM50', 'C50'),
('LM55', 'C55'),
('LM62', 'C62'),
('LM94', 'C94'),
('LM100', 'C100'),
('LM72', 'C72'),
('LM63', 'C63'),
('LM66', 'C66'),
('LM21', 'C21'),
('LM45', 'C45'),
('LM19', 'C19'),
('LM78', 'C78'),
('LM87', 'C87'),
('LM87', 'C87'),
('LM20', 'C20'),
('LM4', 'C4'),
('LM46', 'C46'),
('LM22', 'C22'),
('LM72', 'C72'),
('LM68', 'C68'),
('LM99', 'C99'),
('LM73', 'C73'),
('LM38', 'C38'),
('LM64', 'C64'),
('LM18', 'C18'),
('LM92', 'C92'),
('LM56', 'C56'),
('LM43', 'C43'),
('LM51', 'C51'),
('LM51', 'C51'),
('LM41', 'C41'),
('LM77', 'C77'),
('LM11', 'C11'),
('LM53', 'C53'),
('LM25', 'C25'),
('LM54', 'C54'),
('LM62', 'C62'),
('LM5', 'C5'),
('LM1', 'C1'),
('LM34', 'C34'),
('LM88', 'C88'),
('LM44', 'C44'),
('LM33', 'C33'),
('LM69', 'C69'),
('LM85', 'C85'),
('LM79', 'C79'),
('LM57', 'C57'),
('LM13', 'C13'),
('LM81', 'C81'),
('LM7', 'C7'),
('LM23', 'C23'),
('LM94', 'C94'),
('LM12', 'C12'),
('LM100', 'C100'),
('LM84', 'C84'),
('LM43', 'C43'),
('LM33', 'C33'),
('LM75', 'C75'),
('LM74', 'C74'),
('LM3', 'C3'),
('LM17', 'C17'),
('LM83', 'C83'),
('LM97', 'C97'),
('LM86', 'C86'),
('LM58', 'C58'),
('LM17', 'C17'),
('LM90', 'C90'),
('LM61', 'C61'),
('LM14', 'C14'),
('LM29', 'C29'),
('LM96', 'C96'),
('LM35', 'C35'),
('LM42', 'C42'),
('LM36', 'C36'),
('LM13', 'C13'),
('LM39', 'C39'),
('LM60', 'C60'),
('LM91', 'C91'),
('LM54', 'C54'),
('LM2', 'C2'),
('LM16', 'C16'),
('LM65', 'C65'),
('LM5', 'C5'),
('LM29', 'C29'),
('LM67', 'C67'),
('LM36', 'C36'),
('LM93', 'C93'),
('LM83', 'C83'),
('LM52', 'C52'),
('LM80', 'C80'),
('LM89', 'C89'),
('LM85', 'C85'),
('LM59', 'C59'),
('LM91', 'C91'),
('LM70', 'C70'),
('LM95', 'C95'),
('LM70', 'C70'),
('LM63', 'C63'),
('LM27', 'C27'),
('LM49', 'C49'),
('LM77', 'C77'),
('LM58', 'C58'),
('LM38', 'C38'),
('LM28', 'C28'),
('LM35', 'C35'),
('LM82', 'C82'),
('LM28', 'C28'),
('LM47', 'C47'),
('LM71', 'C71'),
('LM41', 'C41'),
('LM68', 'C68'),
('LM40', 'C40'),
('LM24', 'C24'),
('LM32', 'C32'),
('LM47', 'C47'),
('LM65', 'C65'),
('LM31', 'C31'),
('LM98', 'C98'),
('LM26', 'C26'),
('LM9', 'C9'),
('LM48', 'C48'),
('LM18', 'C18'),
('LM1', 'C1'),
('LM71', 'C71'),
('LM12', 'C12');

CREATE TABLE senior_manager_nc (
    senior_manager_code varchar(255),
    lead_manager_code varchar(255),
    company_code varchar(255)
);

INSERT INTO senior_manager_nc (senior_manager_code, lead_manager_code, company_code)
VALUES
('SM115', 'LM78', 'C78'),
('SM77', 'LM54', 'C54'),
('SM63', 'LM44', 'C44'),
('SM82', 'LM58', 'C58'),
('SM60', 'LM42', 'C42'),
('SM19', 'LM14', 'C14'),
('SM21', 'LM16', 'C16'),
('SM110', 'LM76', 'C76'),
('SM4', 'LM3', 'C3'),
('SM47', 'LM34', 'C34'),
('SM119', 'LM82', 'C82'),
('SM27', 'LM19', 'C19'),
('SM57', 'LM41', 'C41'),
('SM117', 'LM80', 'C80'),
('SM27', 'LM19', 'C19'),
('SM136', 'LM94', 'C94'),
('SM33', 'LM25', 'C25'),
('SM47', 'LM34', 'C34'),
('SM2', 'LM1', 'C1'),
('SM20', 'LM15', 'C15'),
('SM12', 'LM9', 'C9'),
('SM68', 'LM47', 'C47'),
('SM49', 'LM35', 'C35'),
('SM38', 'LM29', 'C29'),
('SM59', 'LM42', 'C42'),
('SM20', 'LM15', 'C15'),
('SM12', 'LM9', 'C9'),
('SM109', 'LM75', 'C75'),
('SM97', 'LM68', 'C68'),
('SM16', 'LM12', 'C12'),
('SM102', 'LM71', 'C71'),
('SM119', 'LM82', 'C82'),
('SM47', 'LM34', 'C34'),
('SM55', 'LM39', 'C39'),
('SM82', 'LM58', 'C58'),
('SM118', 'LM81', 'C81'),
('SM43', 'LM32', 'C32'),
('SM87', 'LM62', 'C62'),
('SM40', 'LM30', 'C30'),
('SM44', 'LM33', 'C33'),
('SM56', 'LM40', 'C40'),
('SM1', 'LM1', 'C1'),
('SM103', 'LM71', 'C71'),
('SM144', 'LM100', 'C100'),
('SM19', 'LM14', 'C14'),
('SM64', 'LM45', 'C45'),
('SM2', 'LM1', 'C1'),
('SM37', 'LM28', 'C28'),
('SM102', 'LM71', 'C71'),
('SM128', 'LM88', 'C88'),
('SM24', 'LM18', 'C18'),
('SM118', 'LM81', 'C81'),
('SM44', 'LM33', 'C33'),
('SM24', 'LM18', 'C18'),
('SM72', 'LM51', 'C51'),
('SM90', 'LM63', 'C63'),
('SM76', 'LM54', 'C54'),
('SM91', 'LM64', 'C64'),
('SM85', 'LM60', 'C60'),
('SM122', 'LM84', 'C84'),
('SM69', 'LM48', 'C48'),
('SM49', 'LM35', 'C35'),
('SM72', 'LM51', 'C51'),
('SM106', 'LM73', 'C73'),
('SM41', 'LM31', 'C31'),
('SM43', 'LM32', 'C32'),
('SM133', 'LM91', 'C91'),
('SM87', 'LM62', 'C62'),
('SM139', 'LM96', 'C96'),
('SM124', 'LM85', 'C85'),
('SM135', 'LM93', 'C93'),
('SM77', 'LM54', 'C54'),
('SM139', 'LM96', 'C96'),
('SM27', 'LM19', 'C19'),
('SM129', 'LM89', 'C89'),
('SM46', 'LM34', 'C34'),
('SM1', 'LM1', 'C1'),
('SM30', 'LM22', 'C22'),
('SM115', 'LM78', 'C78'),
('SM14', 'LM11', 'C11'),
('SM144', 'LM100', 'C100'),
('SM113', 'LM77', 'C77'),
('SM48', 'LM35', 'C35'),
('SM16', 'LM12', 'C12'),
('SM81', 'LM57', 'C57'),
('SM107', 'LM74', 'C74'),
('SM141', 'LM98', 'C98'),
('SM111', 'LM76', 'C76'),
('SM37', 'LM28', 'C28'),
('SM86', 'LM61', 'C61'),
('SM103', 'LM71', 'C71'),
('SM45', 'LM33', 'C33'),
('SM69', 'LM48', 'C48'),
('SM18', 'LM13', 'C13'),
('SM89', 'LM63', 'C63'),
('SM22', 'LM17', 'C17'),
('SM67', 'LM47', 'C47'),
('SM32', 'LM24', 'C24'),
('SM129', 'LM89', 'C89'),
('SM70', 'LM49', 'C49'), -- 100
('SM75', 'LM53', 'C53'),
('SM93', 'LM65', 'C65'),
('SM65', 'LM46', 'C46'),
('SM30', 'LM22', 'C22'),
('SM25', 'LM18', 'C18'),
('SM142', 'LM99', 'C99'),
('SM138', 'LM95', 'C95'),
('SM98', 'LM68', 'C68'),
('SM110', 'LM76', 'C76'),
('SM74', 'LM52', 'C52'),
('SM105', 'LM72', 'C72'),
('SM131', 'LM90', 'C90'),
('SM93', 'LM65', 'C65'),
('SM48', 'LM35', 'C35'),
('SM36', 'LM28', 'C28'),
('SM132', 'LM91', 'C91'),
('SM89', 'LM63', 'C63'),
('SM51', 'LM36', 'C36'),
('SM98', 'LM68', 'C68'),
('SM81', 'LM57', 'C57'),
('SM50', 'LM36', 'C36'),
('SM138', 'LM95', 'C95'),
('SM112', 'LM77', 'C77'),
('SM38', 'LM29', 'C29'),
('SM44', 'LM33', 'C33'),
('SM116', 'LM79', 'C79'),
('SM125', 'LM86', 'C86'),
('SM36', 'LM28', 'C28'),
('SM8', 'LM5', 'C5'),
('SM61', 'LM43', 'C43'),
('SM18', 'LM13', 'C13'),
('SM30', 'LM22', 'C22'),
('SM21', 'LM16', 'C16'),
('SM56', 'LM40', 'C40'),
('SM52', 'LM37', 'C37'),
('SM95', 'LM66', 'C66'),
('SM58', 'LM41', 'C41'),
('SM120', 'LM83', 'C83'),
('SM63', 'LM44', 'C44'),
('SM49', 'LM35', 'C35'),
('SM65', 'LM46', 'C46'),
('SM43', 'LM32', 'C32'),
('SM33', 'LM25', 'C25'),
('SM52', 'LM37', 'C37'),
('SM50', 'LM36', 'C36'),
('SM101', 'LM70', 'C70'),
('SM29', 'LM21', 'C21'),
('SM129', 'LM89', 'C89'),
('SM48', 'LM35', 'C35'),
('SM7', 'LM5', 'C5'), -- 150
('SM125', 'LM86', 'C86'),
('SM103', 'LM71', 'C71'),
('SM83', 'LM58', 'C58'),
('SM66', 'LM46', 'C46'),
('SM88', 'LM62', 'C62'),
('SM105', 'LM72', 'C72'),
('SM38', 'LM29', 'C29'),
('SM59', 'LM42', 'C42'),
('SM70', 'LM49', 'C49'),
('SM134', 'LM92', 'C92'),
('SM113', 'LM77', 'C77'),
('SM69', 'LM48', 'C48'),
('SM89', 'LM63', 'C63'),
('SM28', 'LM20', 'C20'),
('SM92', 'LM65', 'C65'),
('SM6', 'LM4', 'C4'),
('SM112', 'LM77', 'C77'),
('SM51', 'LM36', 'C36'),
('SM15', 'LM12', 'C12'),
('SM70', 'LM49', 'C49'),
('SM11', 'LM8', 'C8'),
('SM140', 'LM97', 'C97'),
('SM116', 'LM79', 'C79'),
('SM10', 'LM7', 'C7'),
('SM59', 'LM42', 'C42'),
('SM51', 'LM36', 'C36'),
('SM93', 'LM65', 'C65'),
('SM80', 'LM56', 'C56'),
('SM77', 'LM54', 'C54'),
('SM127', 'LM87', 'C87'),
('SM83', 'LM58', 'C58'),
('SM123', 'LM85', 'C85'),
('SM87', 'LM62', 'C62'),
('SM9', 'LM6', 'C6'),
('SM54', 'LM38', 'C38'),
('SM55', 'LM39', 'C39'),
('SM21', 'LM16', 'C16'),
('SM67', 'LM47', 'C47'),
('SM13', 'LM10', 'C10'),
('SM121', 'LM83', 'C83'),
('SM108', 'LM74', 'C74'),
('SM13', 'LM10', 'C10'),
('SM94', 'LM66', 'C66'),
('SM73', 'LM51', 'C51'),
('SM46', 'LM34', 'C34'),
('SM18', 'LM13', 'C13'),
('SM101', 'LM70', 'C70'),
('SM74', 'LM52', 'C52'),
('SM111', 'LM76', 'C76'),
('SM131', 'LM90', 'C90'), -- 200
('SM79', 'LM55', 'C55'),
('SM28', 'LM20', 'C20'),
('SM126', 'LM87', 'C87'),
('SM17', 'LM13', 'C13'),
('SM54', 'LM38', 'C38'),
('SM3', 'LM2', 'C2'),
('SM15', 'LM12', 'C12'),
('SM29', 'LM21', 'C21'),
('SM61', 'LM43', 'C43'),
('SM135', 'LM93', 'C93'),
('SM127', 'LM87', 'C87'),
('SM40', 'LM30', 'C30'),
('SM35', 'LM27', 'C27'),
('SM144', 'LM100', 'C100'),
('SM78', 'LM55', 'C55'),
('SM72', 'LM51', 'C51'),
('SM137', 'LM94', 'C94'),
('SM96', 'LM67', 'C67'),
('SM111', 'LM76', 'C76'),
('SM62', 'LM43', 'C43'),
('SM25', 'LM18', 'C18'),
('SM101', 'LM70', 'C70'),
('SM71', 'LM50', 'C50'),
('SM58', 'LM41', 'C41'),
('SM99', 'LM69', 'C69'),
('SM118', 'LM81', 'C81'),
('SM19', 'LM14', 'C14'),
('SM90', 'LM63', 'C63'),
('SM138', 'LM95', 'C95'),
('SM16', 'LM12', 'C12'),
('SM84', 'LM59', 'C59'),
('SM46', 'LM34', 'C34'),
('SM1', 'LM1', 'C1'),
('SM123', 'LM85', 'C85'),
('SM42', 'LM32', 'C32'),
('SM107', 'LM74', 'C74'),
('SM36', 'LM28', 'C28'),
('SM130', 'LM89', 'C89'),
('SM29', 'LM21', 'C21'),
('SM39', 'LM29', 'C29'),
('SM23', 'LM17', 'C17'),
('SM23', 'LM17', 'C17'),
('SM137', 'LM94', 'C94'),
('SM55', 'LM39', 'C39'),
('SM136', 'LM94', 'C94'),
('SM26', 'LM19', 'C19'),
('SM142', 'LM99', 'C99'),
('SM12', 'LM9', 'C9'),
('SM112', 'LM77', 'C77'),
('SM17', 'LM13', 'C13'), -- 250
('SM63', 'LM44', 'C44'),
('SM61', 'LM43', 'C43'),
('SM100', 'LM70', 'C70'),
('SM24', 'LM18', 'C18'),
('SM94', 'LM66', 'C66'),
('SM73', 'LM51', 'C51'),
('SM109', 'LM75', 'C75'),
('SM141', 'LM98', 'C98'),
('SM54', 'LM38', 'C38'),
('SM9', 'LM6', 'C6'),
('SM97', 'LM68', 'C68'),
('SM114', 'LM78', 'C78'),
('SM128', 'LM88', 'C88'),
('SM107', 'LM74', 'C74'),
('SM125', 'LM86', 'C86'),
('SM32', 'LM24', 'C24'),
('SM5', 'LM3', 'C3'),
('SM104', 'LM72', 'C72'),
('SM45', 'LM33', 'C33'),
('SM56', 'LM40', 'C40'),
('SM71', 'LM50', 'C50'),
('SM53', 'LM38', 'C38'),
('SM97', 'LM68', 'C68'),
('SM94', 'LM66', 'C66'),
('SM136', 'LM94', 'C94'),
('SM34', 'LM26', 'C26'),
('SM143', 'LM100', 'C100'),
('SM31', 'LM23', 'C23'),
('SM8', 'LM5', 'C5'),
('SM84', 'LM59', 'C59'),
('SM124', 'LM85', 'C85'),
('SM88', 'LM62', 'C62'),
('SM120', 'LM83', 'C83'),
('SM15', 'LM12', 'C12');

CREATE TABLE manager_nc (
    manager_code varchar(255),
    senior_manager_code varchar(255),
    lead_manager_code varchar(255),
    company_code varchar(255)
);

INSERT INTO manager_nc (manager_code, senior_manager_code, lead_manager_code, company_code) VALUES
('M152', 'SM73', 'LM51', 'C51'),
('M4', 'SM2', 'LM1', 'C1'),
('M223', 'SM112', 'LM77', 'C77'),
('M76', 'SM38', 'LM29', 'C29'),
('M17', 'SM12', 'LM9', 'C9'),
('M236', 'SM118', 'LM81', 'C81'),
('M246', 'SM124', 'LM85', 'C85'),
('M23', 'SM15', 'LM12', 'C12'),
('M202', 'SM101', 'LM70', 'C70'),
('M13', 'SM9', 'LM6', 'C6'),
('M122', 'SM59', 'LM42', 'C42'),
('M31', 'SM18', 'LM13', 'C13'),
('M171', 'SM85', 'LM60', 'C60'),
('M160', 'SM78', 'LM55', 'C55'),
('M242', 'SM122', 'LM84', 'C84'),
('M284', 'SM144', 'LM100', 'C100'),
('M62', 'SM31', 'LM23', 'C23'),
('M123', 'SM59', 'LM42', 'C42'),
('M211', 'SM106', 'LM73', 'C73'),
('M234', 'SM118', 'LM81', 'C81'),
('M256', 'SM129', 'LM89', 'C89'),
('M175', 'SM87', 'LM62', 'C62'),
('M190', 'SM94', 'LM66', 'C66'),
('M16', 'SM11', 'LM8', 'C8'),
('M27', 'SM16', 'LM12', 'C12'),
('M219', 'SM110', 'LM76', 'C76'),
('M236', 'SM118', 'LM81', 'C81'),
('M65', 'SM33', 'LM25', 'C25'),
('M172', 'SM86', 'LM61', 'C61'),
('M9', 'SM6', 'LM4', 'C4'),
('M14', 'SM9', 'LM6', 'C6'),
('M85', 'SM44', 'LM33', 'C33'),
('M212', 'SM107', 'LM74', 'C74'),
('M264', 'SM135', 'LM93', 'C93'),
('M236', 'SM118', 'LM81', 'C81'),
('M50', 'SM26', 'LM19', 'C19'),
('M60', 'SM30', 'LM22', 'C22'),
('M11', 'SM8', 'LM5', 'C5'),
('M70', 'SM36', 'LM28', 'C28'),
('M99', 'SM49', 'LM35', 'C35'),
('M164', 'SM81', 'LM57', 'C57'),
('M90', 'SM46', 'LM34', 'C34'),
('M33', 'SM18', 'LM13', 'C13'),
('M4', 'SM2', 'LM1', 'C1'),
('M163', 'SM81', 'LM57', 'C57'),
('M113', 'SM55', 'LM39', 'C39'),
('M131', 'SM63', 'LM44', 'C44'),
('M265', 'SM135', 'LM93', 'C93'),
('M112', 'SM54', 'LM38', 'C38'),
('M169', 'SM84', 'LM59', 'C59'),
('M233', 'SM117', 'LM80', 'C80'),
('M70', 'SM36', 'LM28', 'C28'),
('M127', 'SM61', 'LM43', 'C43'),
('M104', 'SM51', 'LM36', 'C36'),
('M256', 'SM129', 'LM89', 'C89'),
('M108', 'SM52', 'LM37', 'C37'),
('M147', 'SM71', 'LM50', 'C50'),
('M63', 'SM32', 'LM24', 'C24'),
('M263', 'SM134', 'LM92', 'C92'),
('M6', 'SM3', 'LM2', 'C2'),
('M100', 'SM49', 'LM35', 'C35'),
('M169', 'SM84', 'LM59', 'C59'),
('M132', 'SM63', 'LM44', 'C44'),
('M14', 'SM9', 'LM6', 'C6'),
('M24', 'SM15', 'LM12', 'C12'),
('M205', 'SM103', 'LM71', 'C71'),
('M220', 'SM111', 'LM76', 'C76'),
('M209', 'SM105', 'LM72', 'C72'),
('M187', 'SM93', 'LM65', 'C65'),
('M170', 'SM84', 'LM59', 'C59'),
('M18', 'SM12', 'LM9', 'C9'),
('M277', 'SM141', 'LM98', 'C98'),
('M91', 'SM46', 'LM34', 'C34'),
('M267', 'SM136', 'LM94', 'C94'),
('M235', 'SM118', 'LM81', 'C81'),
('M276', 'SM140', 'LM97', 'C97'),
('M187', 'SM93', 'LM65', 'C65'),
('M124', 'SM59', 'LM42', 'C42'),
('M200', 'SM101', 'LM70', 'C70'),
('M220', 'SM111', 'LM76', 'C76'),
('M226', 'SM113', 'LM77', 'C77'),
('M250', 'SM126', 'LM87', 'C87'),
('M230', 'SM115', 'LM78', 'C78'),
('M29', 'SM17', 'LM13', 'C13'),
('M188', 'SM94', 'LM66', 'C66'),
('M85', 'SM44', 'LM33', 'C33'),
('M225', 'SM112', 'LM77', 'C77'),
('M47', 'SM24', 'LM18', 'C18'),
('M76', 'SM38', 'LM29', 'C29'),
('M105', 'SM51', 'LM36', 'C36'),
('M40', 'SM21', 'LM16', 'C16'),
('M210', 'SM105', 'LM72', 'C72'),
('M173', 'SM87', 'LM62', 'C62'),
('M46', 'SM24', 'LM18', 'C18'),
('M39', 'SM21', 'LM16', 'C16'),
('M225', 'SM112', 'LM77', 'C77'),
('M192', 'SM96', 'LM67', 'C67'),
('M138', 'SM67', 'LM47', 'C47'),
('M145', 'SM70', 'LM49', 'C49'),
('M134', 'SM65', 'LM46', 'C46'), -- 100
('M55', 'SM28', 'LM20', 'C20'),
('M80', 'SM41', 'LM31', 'C31'),
('M52', 'SM27', 'LM19', 'C19'),
('M209', 'SM105', 'LM72', 'C72'),
('M75', 'SM38', 'LM29', 'C29'),
('M234', 'SM118', 'LM81', 'C81'),
('M282', 'SM144', 'LM100', 'C100'),
('M201', 'SM101', 'LM70', 'C70'),
('M75', 'SM38', 'LM29', 'C29'),
('M252', 'SM127', 'LM87', 'C87'),
('M72', 'SM37', 'LM28', 'C28'),
('M88', 'SM45', 'LM33', 'C33'),
('M64', 'SM32', 'LM24', 'C24'),
('M18', 'SM12', 'LM9', 'C9'),
('M98', 'SM48', 'LM35', 'C35'),
('M233', 'SM117', 'LM80', 'C80'),
('M95', 'SM47', 'LM34', 'C34'),
('M17', 'SM12', 'LM9', 'C9'),
('M86', 'SM44', 'LM33', 'C33'),
('M263', 'SM134', 'LM92', 'C92'),
('M283', 'SM144', 'LM100', 'C100'),
('M66', 'SM33', 'LM25', 'C25'),
('M174', 'SM87', 'LM62', 'C62'),
('M80', 'SM41', 'LM31', 'C31'),
('M254', 'SM128', 'LM88', 'C88'),
('M168', 'SM83', 'LM58', 'C58'),
('M31', 'SM18', 'LM13', 'C13'),
('M237', 'SM119', 'LM82', 'C82'),
('M269', 'SM137', 'LM94', 'C94'),
('M245', 'SM124', 'LM85', 'C85'),
('M156', 'SM76', 'LM54', 'C54'),
('M71', 'SM36', 'LM28', 'C28'),
('M283', 'SM144', 'LM100', 'C100'),
('M11', 'SM8', 'LM5', 'C5'),
('M8', 'SM5', 'LM3', 'C3'),
('M145', 'SM70', 'LM49', 'C49'),
('M179', 'SM89', 'LM63', 'C63'),
('M165', 'SM82', 'LM58', 'C58'),
('M92', 'SM46', 'LM34', 'C34'),
('M200', 'SM101', 'LM70', 'C70'),
('M14', 'SM9', 'LM6', 'C6'),
('M208', 'SM104', 'LM72', 'C72'),
('M191', 'SM95', 'LM66', 'C66'),
('M116', 'SM56', 'LM40', 'C40'),
('M281', 'SM143', 'LM100', 'C100'),
('M176', 'SM88', 'LM62', 'C62'),
('M37', 'SM20', 'LM15', 'C15'),
('M137', 'SM67', 'LM47', 'C47'),
('M35', 'SM19', 'LM14', 'C14'),
('M79', 'SM40', 'LM30', 'C30'), -- 150
('M83', 'SM43', 'LM32', 'C32'),
('M268', 'SM136', 'LM94', 'C94'),
('M25', 'SM15', 'LM12', 'C12'),
('M147', 'SM71', 'LM50', 'C50'),
('M57', 'SM29', 'LM21', 'C21'),
('M153', 'SM74', 'LM52', 'C52'),
('M117', 'SM56', 'LM40', 'C40'),
('M51', 'SM27', 'LM19', 'C19'),
('M30', 'SM17', 'LM13', 'C13'),
('M6', 'SM3', 'LM2', 'C2'),
('M229', 'SM115', 'LM78', 'C78'),
('M12', 'SM8', 'LM5', 'C5'),
('M162', 'SM80', 'LM56', 'C56'),
('M106', 'SM51', 'LM36', 'C36'),
('M58', 'SM29', 'LM21', 'C21'),
('M118', 'SM56', 'LM40', 'C40'),
('M215', 'SM108', 'LM74', 'C74'),
('M235', 'SM118', 'LM81', 'C81'),
('M268', 'SM136', 'LM94', 'C94'),
('M162', 'SM80', 'LM56', 'C56'),
('M6', 'SM3', 'LM2', 'C2'),
('M169', 'SM84', 'LM59', 'C59'),
('M48', 'SM25', 'LM18', 'C18'),
('M16', 'SM11', 'LM8', 'C8'),
('M51', 'SM27', 'LM19', 'C19'),
('M59', 'SM30', 'LM22', 'C22'),
('M181', 'SM90', 'LM63', 'C63'),
('M5', 'SM2', 'LM1', 'C1'),
('M183', 'SM91', 'LM64', 'C64'),
('M95', 'SM47', 'LM34', 'C34'),
('M28', 'SM16', 'LM12', 'C12'),
('M44', 'SM23', 'LM17', 'C17'),
('M78', 'SM40', 'LM30', 'C30'),
('M134', 'SM65', 'LM46', 'C46'),
('M74', 'SM38', 'LM29', 'C29'),
('M119', 'SM57', 'LM41', 'C41'),
('M19', 'SM12', 'LM9', 'C9'),
('M272', 'SM138', 'LM95', 'C95'),
('M59', 'SM30', 'LM22', 'C22'),
('M28', 'SM16', 'LM12', 'C12'),
('M273', 'SM138', 'LM95', 'C95'),
('M246', 'SM124', 'LM85', 'C85'),
('M251', 'SM127', 'LM87', 'C87'),
('M260', 'SM131', 'LM90', 'C90'), -- 200
('M10', 'SM7', 'LM5', 'C5'),
('M95', 'SM47', 'LM34', 'C34'),
('M104', 'SM51', 'LM36', 'C36'),
('M253', 'SM128', 'LM88', 'C88'),
('M162', 'SM80', 'LM56', 'C56'),
('M267', 'SM136', 'LM94', 'C94'),
('M57', 'SM29', 'LM21', 'C21'),
('M73', 'SM37', 'LM28', 'C28'),
('M25', 'SM15', 'LM12', 'C12'),
('M13', 'SM9', 'LM6', 'C6'),
('M109', 'SM53', 'LM38', 'C38'),
('M58', 'SM29', 'LM21', 'C21'),
('M267', 'SM136', 'LM94', 'C94'),
('M10', 'SM7', 'LM5', 'C5'),
('M164', 'SM81', 'LM57', 'C57'),
('M167', 'SM83', 'LM58', 'C58'),
('M33', 'SM18', 'LM13', 'C13'),
('M248', 'SM125', 'LM86', 'C86'),
('M197', 'SM98', 'LM68', 'C68'),
('M105', 'SM51', 'LM36', 'C36'),
('M119', 'SM57', 'LM41', 'C41'),
('M112', 'SM54', 'LM38', 'C38'),
('M3', 'SM1', 'LM1', 'C1'),
('M252', 'SM127', 'LM87', 'C87'),
('M117', 'SM56', 'LM40', 'C40'),
('M3', 'SM1', 'LM1', 'C1'),
('M7', 'SM4', 'LM3', 'C3'),
('M176', 'SM88', 'LM62', 'C62'),
('M242', 'SM122', 'LM84', 'C84'),
('M159', 'SM77', 'LM54', 'C54'),
('M231', 'SM116', 'LM79', 'C79'),
('M270', 'SM137', 'LM94', 'C94'),
('M186', 'SM93', 'LM65', 'C65'),
('M284', 'SM144', 'LM100', 'C100'),
('M107', 'SM52', 'LM37', 'C37'),
('M133', 'SM64', 'LM45', 'C45'),
('M96', 'SM48', 'LM35', 'C35'),
('M256', 'SM129', 'LM89', 'C89'),
('M175', 'SM87', 'LM62', 'C62'),
('M229', 'SM115', 'LM78', 'C78'),
('M120', 'SM58', 'LM41', 'C41'),
('M235', 'SM118', 'LM81', 'C81'),
('M143', 'SM70', 'LM49', 'C49'),
('M103', 'SM50', 'LM36', 'C36'),
('M177', 'SM88', 'LM62', 'C62'),
('M97', 'SM48', 'LM35', 'C35'),
('M155', 'SM75', 'LM53', 'C53'),
('M40', 'SM21', 'LM16', 'C16'),
('M161', 'SM79', 'LM55', 'C55'),
('M152', 'SM73', 'LM51', 'C51'), -- 250
('M280', 'SM142', 'LM99', 'C99'),
('M99', 'SM49', 'LM35', 'C35'),
('M117', 'SM56', 'LM40', 'C40'),
('M96', 'SM48', 'LM35', 'C35'),
('M89', 'SM45', 'LM33', 'C33'),
('M41', 'SM21', 'LM16', 'C16'),
('M203', 'SM102', 'LM71', 'C71'),
('M223', 'SM112', 'LM77', 'C77'),
('M275', 'SM139', 'LM96', 'C96'),
('M270', 'SM137', 'LM94', 'C94'),
('M107', 'SM52', 'LM37', 'C37'),
('M199', 'SM100', 'LM70', 'C70'),
('M255', 'SM129', 'LM89', 'C89'),
('M2', 'SM1', 'LM1', 'C1'),
('M15', 'SM10', 'LM7', 'C7'),
('M221', 'SM111', 'LM76', 'C76'),
('M13', 'SM9', 'LM6', 'C6'),
('M166', 'SM82', 'LM58', 'C58'),
('M207', 'SM103', 'LM71', 'C71'),
('M196', 'SM98', 'LM68', 'C68'),
('M127', 'SM61', 'LM43', 'C43'),
('M72', 'SM37', 'LM28', 'C28'),
('M177', 'SM88', 'LM62', 'C62'),
('M249', 'SM125', 'LM86', 'C86'),
('M63', 'SM32', 'LM24', 'C24'),
('M77', 'SM39', 'LM29', 'C29'),
('M114', 'SM55', 'LM39', 'C39'),
('M168', 'SM83', 'LM58', 'C58'),
('M101', 'SM49', 'LM35', 'C35'),
('M84', 'SM43', 'LM32', 'C32'),
('M189', 'SM94', 'LM66', 'C66'),
('M193', 'SM97', 'LM68', 'C68'),
('M110', 'SM54', 'LM38', 'C38'),
('M119', 'SM57', 'LM41', 'C41'),
('M192', 'SM96', 'LM67', 'C67'),
('M53', 'SM27', 'LM19', 'C19'),
('M200', 'SM101', 'LM70', 'C70'),
('M208', 'SM104', 'LM72', 'C72'),
('M139', 'SM68', 'LM47', 'C47'),
('M1', 'SM1', 'LM1', 'C1'),
('M152', 'SM73', 'LM51', 'C51'),
('M93', 'SM47', 'LM34', 'C34'),
('M83', 'SM43', 'LM32', 'C32'),
('M125', 'SM60', 'LM42', 'C42'),
('M244', 'SM123', 'LM85', 'C85'),
('M177', 'SM88', 'LM62', 'C62'),
('M2', 'SM1', 'LM1', 'C1'),
('M189', 'SM94', 'LM66', 'C66'),
('M263', 'SM134', 'LM92', 'C92'), -- 300
('M45', 'SM24', 'LM18', 'C18'),
('M135', 'SM65', 'LM46', 'C46'),
('M60', 'SM30', 'LM22', 'C22'),
('M224', 'SM112', 'LM77', 'C77'),
('M182', 'SM90', 'LM63', 'C63'),
('M222', 'SM111', 'LM76', 'C76'),
('M141', 'SM69', 'LM48', 'C48'),
('M220', 'SM111', 'LM76', 'C76'),
('M20', 'SM13', 'LM10', 'C10'),
('M246', 'SM124', 'LM85', 'C85'),
('M158', 'SM77', 'LM54', 'C54'),
('M34', 'SM19', 'LM14', 'C14'),
('M68', 'SM35', 'LM27', 'C27'),
('M257', 'SM129', 'LM89', 'C89'),
('M3', 'SM1', 'LM1', 'C1'),
('M269', 'SM137', 'LM94', 'C94'),
('M143', 'SM70', 'LM49', 'C49'),
('M241', 'SM121', 'LM83', 'C83'),
('M65', 'SM33', 'LM25', 'C25'),
('M102', 'SM50', 'LM36', 'C36'),
('M176', 'SM88', 'LM62', 'C62'),
('M198', 'SM99', 'LM69', 'C69'),
('M173', 'SM87', 'LM62', 'C62'),
('M283', 'SM144', 'LM100', 'C100'),
('M222', 'SM111', 'LM76', 'C76'),
('M270', 'SM137', 'LM94', 'C94'),
('M158', 'SM77', 'LM54', 'C54'),
('M219', 'SM110', 'LM76', 'C76'),
('M209', 'SM105', 'LM72', 'C72'),
('M239', 'SM120', 'LM83', 'C83'),
('M68', 'SM35', 'LM27', 'C27'),
('M130', 'SM63', 'LM44', 'C44'),
('M185', 'SM93', 'LM65', 'C65'),
('M136', 'SM66', 'LM46', 'C46'),
('M26', 'SM16', 'LM12', 'C12'),
('M223', 'SM112', 'LM77', 'C77'),
('M50', 'SM26', 'LM19', 'C19'),
('M230', 'SM115', 'LM78', 'C78'),
('M49', 'SM25', 'LM18', 'C18'),
('M207', 'SM103', 'LM71', 'C71'),
('M29', 'SM17', 'LM13', 'C13'),
('M271', 'SM138', 'LM95', 'C95'),
('M218', 'SM110', 'LM76', 'C76'),
('M133', 'SM64', 'LM45', 'C45'),
('M279', 'SM142', 'LM99', 'C99'),
('M247', 'SM125', 'LM86', 'C86'),
('M12', 'SM8', 'LM5', 'C5'),
('M164', 'SM81', 'LM57', 'C57'),
('M136', 'SM66', 'LM46', 'C46'),
('M183', 'SM91', 'LM64', 'C64'), -- 350
('M81', 'SM42', 'LM32', 'C32'),
('M66', 'SM33', 'LM25', 'C25'),
('M84', 'SM43', 'LM32', 'C32'),
('M126', 'SM61', 'LM43', 'C43'),
('M277', 'SM141', 'LM98', 'C98'),
('M123', 'SM59', 'LM42', 'C42'),
('M273', 'SM138', 'LM95', 'C95'),
('M1', 'SM1', 'LM1', 'C1'),
('M128', 'SM61', 'LM43', 'C43'),
('M192', 'SM96', 'LM67', 'C67'),
('M136', 'SM66', 'LM46', 'C46'),
('M279', 'SM142', 'LM99', 'C99'),
('M163', 'SM81', 'LM57', 'C57'),
('M143', 'SM70', 'LM49', 'C49'),
('M181', 'SM90', 'LM63', 'C63'),
('M196', 'SM98', 'LM68', 'C68'),
('M1', 'SM1', 'LM1', 'C1'),
('M248', 'SM125', 'LM86', 'C86'),
('M229', 'SM115', 'LM78', 'C78'),
('M148', 'SM72', 'LM51', 'C51'),
('M258', 'SM130', 'LM89', 'C89'),
('M108', 'SM52', 'LM37', 'C37'),
('M180', 'SM89', 'LM63', 'C63'),
('M187', 'SM93', 'LM65', 'C65'),
('M86', 'SM44', 'LM33', 'C33'),
('M137', 'SM67', 'LM47', 'C47'),
('M204', 'SM102', 'LM71', 'C71'),
('M19', 'SM12', 'LM9', 'C9'),
('M190', 'SM94', 'LM66', 'C66'),
('M103', 'SM50', 'LM36', 'C36'),
('M154', 'SM74', 'LM52', 'C52'),
('M217', 'SM109', 'LM75', 'C75'),
('M45', 'SM24', 'LM18', 'C18'),
('M280', 'SM142', 'LM99', 'C99'),
('M67', 'SM34', 'LM26', 'C26'),
('M133', 'SM64', 'LM45', 'C45'),
('M189', 'SM94', 'LM66', 'C66'),
('M10', 'SM7', 'LM5', 'C5'),
('M240', 'SM120', 'LM83', 'C83'),
('M23', 'SM15', 'LM12', 'C12'),
('M102', 'SM50', 'LM36', 'C36'),
('M31', 'SM18', 'LM13', 'C13'),
('M219', 'SM110', 'LM76', 'C76'),
('M67', 'SM34', 'LM26', 'C26'),
('M166', 'SM82', 'LM58', 'C58'),
('M73', 'SM37', 'LM28', 'C28'),
('M36', 'SM19', 'LM14', 'C14'),
('M238', 'SM119', 'LM82', 'C82'),
('M87', 'SM44', 'LM33', 'C33'),
('M195', 'SM97', 'LM68', 'C68'), -- 400
('M237', 'SM119', 'LM82', 'C82'),
('M191', 'SM95', 'LM66', 'C66'),
('M241', 'SM121', 'LM83', 'C83'),
('M140', 'SM69', 'LM48', 'C48'),
('M34', 'SM19', 'LM14', 'C14'),
('M37', 'SM20', 'LM15', 'C15'),
('M147', 'SM71', 'LM50', 'C50'),
('M88', 'SM45', 'LM33', 'C33'),
('M213', 'SM107', 'LM74', 'C74'),
('M72', 'SM37', 'LM28', 'C28'),
('M68', 'SM35', 'LM27', 'C27'),
('M144', 'SM70', 'LM49', 'C49'),
('M120', 'SM58', 'LM41', 'C41'),
('M38', 'SM20', 'LM15', 'C15'),
('M151', 'SM73', 'LM51', 'C51'),
('M115', 'SM55', 'LM39', 'C39'),
('M8', 'SM5', 'LM3', 'C3'),
('M127', 'SM61', 'LM43', 'C43'),
('M178', 'SM89', 'LM63', 'C63'),
('M234', 'SM118', 'LM81', 'C81'),
('M206', 'SM103', 'LM71', 'C71'),
('M185', 'SM93', 'LM65', 'C65'),
('M79', 'SM40', 'LM30', 'C30'),
('M206', 'SM103', 'LM71', 'C71'),
('M257', 'SM129', 'LM89', 'C89'),
('M24', 'SM15', 'LM12', 'C12'),
('M151', 'SM73', 'LM51', 'C51'),
('M23', 'SM15', 'LM12', 'C12'),
('M150', 'SM72', 'LM51', 'C51'),
('M50', 'SM26', 'LM19', 'C19'),
('M217', 'SM109', 'LM75', 'C75'),
('M218', 'SM110', 'LM76', 'C76'),
('M111', 'SM54', 'LM38', 'C38'),
('M43', 'SM23', 'LM17', 'C17'),
('M157', 'SM77', 'LM54', 'C54'),
('M224', 'SM112', 'LM77', 'C77'),
('M202', 'SM101', 'LM70', 'C70'),
('M106', 'SM51', 'LM36', 'C36'),
('M42', 'SM22', 'LM17', 'C17'),
('M7', 'SM4', 'LM3', 'C3'),
('M41', 'SM21', 'LM16', 'C16'),
('M4', 'SM2', 'LM1', 'C1'),
('M129', 'SM62', 'LM43', 'C43'),
('M232', 'SM116', 'LM79', 'C79'),
('M69', 'SM36', 'LM28', 'C28'),
('M203', 'SM102', 'LM71', 'C71'),
('M7', 'SM4', 'LM3', 'C3'),
('M58', 'SM29', 'LM21', 'C21'),
('M44', 'SM23', 'LM17', 'C17'),
('M250', 'SM126', 'LM87', 'C87'), -- 450
('M75', 'SM38', 'LM29', 'C29'),
('M16', 'SM11', 'LM8', 'C8'),
('M194', 'SM97', 'LM68', 'C68'),
('M66', 'SM33', 'LM25', 'C25'),
('M43', 'SM23', 'LM17', 'C17'),
('M211', 'SM106', 'LM73', 'C73'),
('M184', 'SM92', 'LM65', 'C65'),
('M89', 'SM45', 'LM33', 'C33'),
('M120', 'SM58', 'LM41', 'C41'),
('M254', 'SM128', 'LM88', 'C88'),
('M27', 'SM16', 'LM12', 'C12'),
('M142', 'SM69', 'LM48', 'C48'),
('M78', 'SM40', 'LM30', 'C30'),
('M188', 'SM94', 'LM66', 'C66'),
('M64', 'SM32', 'LM24', 'C24'),
('M145', 'SM70', 'LM49', 'C49'),
('M266', 'SM136', 'LM94', 'C94'),
('M274', 'SM139', 'LM96', 'C96'),
('M88', 'SM45', 'LM33', 'C33'),
('M123', 'SM59', 'LM42', 'C42'),
('M188', 'SM94', 'LM66', 'C66'),
('M81', 'SM42', 'LM32', 'C32'),
('M85', 'SM44', 'LM33', 'C33'),
('M244', 'SM123', 'LM85', 'C85'),
('M216', 'SM109', 'LM75', 'C75'),
('M62', 'SM31', 'LM23', 'C23'),
('M245', 'SM124', 'LM85', 'C85'),
('M78', 'SM40', 'LM30', 'C30'),
('M11', 'SM8', 'LM5', 'C5'),
('M193', 'SM97', 'LM68', 'C68'),
('M282', 'SM144', 'LM100', 'C100'),
('M54', 'SM28', 'LM20', 'C20'),
('M33', 'SM18', 'LM13', 'C13'),
('M243', 'SM123', 'LM85', 'C85'),
('M60', 'SM30', 'LM22', 'C22'),
('M56', 'SM29', 'LM21', 'C21'),
('M149', 'SM72', 'LM51', 'C51'),
('M82', 'SM43', 'LM32', 'C32'),
('M64', 'SM32', 'LM24', 'C24'),
('M101', 'SM49', 'LM35', 'C35'),
('M2', 'SM1', 'LM1', 'C1'),
('M146', 'SM71', 'LM50', 'C50'),
('M194', 'SM97', 'LM68', 'C68'),
('M30', 'SM17', 'LM13', 'C13'),
('M22', 'SM14', 'LM11', 'C11'),
('M198', 'SM99', 'LM69', 'C69'),
('M115', 'SM55', 'LM39', 'C39'),
('M124', 'SM59', 'LM42', 'C42'),
('M198', 'SM99', 'LM69', 'C69'),
('M98', 'SM48', 'LM35', 'C35'), -- 500
('M116', 'SM56', 'LM40', 'C40'),
('M228', 'SM114', 'LM78', 'C78'),
('M157', 'SM77', 'LM54', 'C54'),
('M208', 'SM104', 'LM72', 'C72'),
('M161', 'SM79', 'LM55', 'C55'),
('M212', 'SM107', 'LM74', 'C74'),
('M144', 'SM70', 'LM49', 'C49'),
('M109', 'SM53', 'LM38', 'C38'),
('M151', 'SM73', 'LM51', 'C51'),
('M113', 'SM55', 'LM39', 'C39'),
('M282', 'SM144', 'LM100', 'C100'),
('M134', 'SM65', 'LM46', 'C46'),
('M149', 'SM72', 'LM51', 'C51'),
('M261', 'SM132', 'LM91', 'C91'),
('M280', 'SM142', 'LM99', 'C99'),
('M103', 'SM50', 'LM36', 'C36'),
('M269', 'SM137', 'LM94', 'C94'),
('M25', 'SM15', 'LM12', 'C12'),
('M34', 'SM19', 'LM14', 'C14'),
('M15', 'SM10', 'LM7', 'C7'),
('M214', 'SM107', 'LM74', 'C74'),
('M171', 'SM85', 'LM60', 'C60'),
('M115', 'SM55', 'LM39', 'C39'),
('M57', 'SM29', 'LM21', 'C21'),
('M242', 'SM122', 'LM84', 'C84'),
('M216', 'SM109', 'LM75', 'C75'),
('M278', 'SM141', 'LM98', 'C98'),
('M80', 'SM41', 'LM31', 'C31'),
('M259', 'SM131', 'LM90', 'C90'),
('M158', 'SM77', 'LM54', 'C54'),
('M121', 'SM58', 'LM41', 'C41'),
('M135', 'SM65', 'LM46', 'C46'),
('M221', 'SM111', 'LM76', 'C76'),
('M26', 'SM16', 'LM12', 'C12'),
('M97', 'SM48', 'LM35', 'C35'),
('M230', 'SM115', 'LM78', 'C78'),
('M224', 'SM112', 'LM77', 'C77'),
('M281', 'SM143', 'LM100', 'C100'),
('M114', 'SM55', 'LM39', 'C39'),
('M130', 'SM63', 'LM44', 'C44'),
('M262', 'SM133', 'LM91', 'C91'),
('M43', 'SM23', 'LM17', 'C17'),
('M150', 'SM72', 'LM51', 'C51'),
('M21', 'SM13', 'LM10', 'C10'),
('M214', 'SM107', 'LM74', 'C74'),
('M20', 'SM13', 'LM10', 'C10'),
('M32', 'SM18', 'LM13', 'C13'),
('M124', 'SM59', 'LM42', 'C42'),
('M42', 'SM22', 'LM17', 'C17'), -- 550
('M86', 'SM44', 'LM33', 'C33'),
('M266', 'SM136', 'LM94', 'C94'),
('M29', 'SM17', 'LM13', 'C13'),
('M94', 'SM47', 'LM34', 'C34'),
('M227', 'SM113', 'LM77', 'C77'),
('M146', 'SM71', 'LM50', 'C50'),
('M32', 'SM18', 'LM13', 'C13'),
('M30', 'SM17', 'LM13', 'C13'),
('M90', 'SM46', 'LM34', 'C34'),
('M167', 'SM83', 'LM58', 'C58'),
('M61', 'SM30', 'LM22', 'C22'),
('M76', 'SM38', 'LM29', 'C29'),
('M278', 'SM141', 'LM98', 'C98'),
('M108', 'SM52', 'LM37', 'C37'),
('M197', 'SM98', 'LM68', 'C68'),
('M77', 'SM39', 'LM29', 'C29'),
('M63', 'SM32', 'LM24', 'C24'),
('M215', 'SM108', 'LM74', 'C74'),
('M205', 'SM103', 'LM71', 'C71'),
('M83', 'SM43', 'LM32', 'C32'),
('M168', 'SM83', 'LM58', 'C58'),
('M67', 'SM34', 'LM26', 'C26'),
('M277', 'SM141', 'LM98', 'C98'),
('M12', 'SM8', 'LM5', 'C5'),
('M248', 'SM125', 'LM86', 'C86'),
('M190', 'SM94', 'LM66', 'C66'),
('M279', 'SM142', 'LM99', 'C99'),
('M184', 'SM92', 'LM65', 'C65');



CREATE TABLE employee_nc (
    employee_code varchar(255),
    manager_code varchar(255),
    senior_manager_code varchar(255),
    lead_manager_code varchar(255),
    company_code varchar(255)
);
ALTER TABLE employee_nc ADD column sl INT NOT NULL;
select * from employee_nc;
INSERT INTO employee_nc (sl,employee_code,manager_code, senior_manager_code, lead_manager_code, company_code) VALUES
(1, 'E85', 'M36', 'SM19', 'LM14', 'C14'),
(2, 'E560', 'M277', 'SM141', 'LM98', 'C98'),
(3, 'E274', 'M131', 'SM63', 'LM44', 'C44'),
(4, 'E277', 'M133', 'SM64', 'LM45', 'C45'),
(5, 'E145', 'M68', 'SM35', 'LM27', 'C27'),
(6, 'E68', 'M29', 'SM17', 'LM13', 'C13'),
(7, 'E558', 'M277', 'SM141', 'LM98', 'C98'),
(8, 'E536', 'M265', 'SM135', 'LM93', 'C93'),
(9, 'E381', 'M187', 'SM93', 'LM65', 'C65'),
(10, 'E531', 'M262', 'SM133', 'LM91', 'C91'),
(11, 'E371', 'M181', 'SM90', 'LM63', 'C63'),
(12, 'E40', 'M16', 'SM11', 'LM8', 'C8'),
(13, 'E494', 'M241', 'SM121', 'LM83', 'C83'),
(14, 'E146', 'M68', 'SM35', 'LM27', 'C27'),
(15, 'E422', 'M206', 'SM103', 'LM71', 'C71'),
(16, 'E564', 'M279', 'SM142', 'LM99', 'C99'),
(17, 'E275', 'M132', 'SM63', 'LM44', 'C44'),
(18, 'E516', 'M252', 'SM127', 'LM87', 'C87'),
(19, 'E474', 'M230', 'SM115', 'LM78', 'C78'),
(20, 'E150', 'M70', 'SM36', 'LM28', 'C28'),
(21, 'E316', 'M151', 'SM73', 'LM51', 'C51'),
(22, 'E343', 'M166', 'SM82', 'LM58', 'C58'),
(23, 'E77', 'M32', 'SM18', 'LM13', 'C13'),
(24, 'E124', 'M59', 'SM30', 'LM22', 'C22'),
(25, 'E549', 'M270', 'SM137', 'LM94', 'C94'),
(26, 'E482', 'M234', 'SM118', 'LM81', 'C81'),
(27, 'E32', 'M13', 'SM9', 'LM6', 'C6'),
(28, 'E415', 'M202', 'SM101', 'LM70', 'C70'),
(29, 'E183', 'M85', 'SM44', 'LM33', 'C33'),
(30, 'E150', 'M70', 'SM36', 'LM28', 'C28'),
(31, 'E110', 'M51', 'SM27', 'LM19', 'C19'),
(32, 'E43', 'M17', 'SM12', 'LM9', 'C9'),
(33, 'E419', 'M204', 'SM102', 'LM71', 'C71'),
(34, 'E25', 'M10', 'SM7', 'LM5', 'C5'),
(35, 'E273', 'M130', 'SM63', 'LM44', 'C44'),
(36, 'E264', 'M124', 'SM59', 'LM42', 'C42'),
(37, 'E256', 'M120', 'SM58', 'LM41', 'C41'),
(38, 'E577', 'M284', 'SM144', 'LM100', 'C100'),
(39, 'E383', 'M187', 'SM93', 'LM65', 'C65'),
(40, 'E252', 'M119', 'SM57', 'LM41', 'C41'),
(41, 'E59', 'M25', 'SM15', 'LM12', 'C12'),
(42, 'E230', 'M108', 'SM52', 'LM37', 'C37'),
(43, 'E510', 'M248', 'SM125', 'LM86', 'C86'),
(44, 'E189', 'M88', 'SM45', 'LM33', 'C33'),
(45, 'E380', 'M186', 'SM93', 'LM65', 'C65'),
(46, 'E419', 'M204', 'SM102', 'LM71', 'C71'),
(47, 'E45', 'M18', 'SM12', 'LM9', 'C9'),
(48, 'E340', 'M164', 'SM81', 'LM57', 'C57'),
(49, 'E274', 'M131', 'SM63', 'LM44', 'C44'),
(50, 'E366', 'M177', 'SM88', 'LM62', 'C62'),
(51, 'E301', 'M145', 'SM70', 'LM49', 'C49'),
(52, 'E28', 'M11', 'SM8', 'LM5', 'C5'),
(53, 'E512', 'M250', 'SM126', 'LM87', 'C87'),
(54, 'E458', 'M222', 'SM111', 'LM76', 'C76'),
(55, 'E164', 'M77', 'SM39', 'LM29', 'C29'),
(56, 'E117', 'M57', 'SM29', 'LM21', 'C21'),
(57, 'E225', 'M106', 'SM51', 'LM36', 'C36'),
(58, 'E2', 'M1', 'SM1', 'LM1', 'C1'),
(59, 'E302', 'M145', 'SM70', 'LM49', 'C49'),
(60, 'E7', 'M3', 'SM1', 'LM1', 'C1'),
(61, 'E463', 'M224', 'SM112', 'LM77', 'C77'),
(62, 'E423', 'M206', 'SM103', 'LM71', 'C71'),
(63, 'E420', 'M205', 'SM103', 'LM71', 'C71'),
(64, 'E136', 'M64', 'SM32', 'LM24', 'C24'),
(65, 'E288', 'M137', 'SM67', 'LM47', 'C47'),
(66, 'E258', 'M122', 'SM59', 'LM42', 'C42'),
(67, 'E172', 'M80', 'SM41', 'LM31', 'C31'),
(68, 'E196', 'M91', 'SM46', 'LM34', 'C34'),
(69, 'E119', 'M57', 'SM29', 'LM21', 'C21'),
(70, 'E229', 'M108', 'SM52', 'LM37', 'C37'),
(71, 'E89', 'M39', 'SM21', 'LM16', 'C16'),
(72, 'E97', 'M43', 'SM23', 'LM17', 'C17'),
(73, 'E176', 'M82', 'SM43', 'LM32', 'C32'),
(74, 'E507', 'M247', 'SM125', 'LM86', 'C86'),
(75, 'E512', 'M250', 'SM126', 'LM87', 'C87'),
(76, 'E2', 'M1', 'SM1', 'LM1', 'C1'),
(77, 'E227', 'M107', 'SM52', 'LM37', 'C37'),
(78, 'E109', 'M50', 'SM26', 'LM19', 'C19'),
(79, 'E277', 'M133', 'SM64', 'LM45', 'C45'),
(80, 'E534', 'M263', 'SM134', 'LM92', 'C92'),
(81, 'E480', 'M234', 'SM118', 'LM81', 'C81'),
(82, 'E430', 'M209', 'SM105', 'LM72', 'C72'),
(83, 'E346', 'M168', 'SM83', 'LM58', 'C58'),
(84, 'E332', 'M161', 'SM79', 'LM55', 'C55'),
(85, 'E339', 'M164', 'SM81', 'LM57', 'C57'),
(86, 'E302', 'M145', 'SM70', 'LM49', 'C49'),
(87, 'E86', 'M37', 'SM20', 'LM15', 'C15'),
(88, 'E530', 'M261', 'SM132', 'LM91', 'C91'),
(89, 'E251', 'M119', 'SM57', 'LM41', 'C41'),
(90, 'E385', 'M188', 'SM94', 'LM66', 'C66'),
(91, 'E300', 'M145', 'SM70', 'LM49', 'C49'),
(92, 'E278', 'M133', 'SM64', 'LM45', 'C45'),
(93, 'E46', 'M18', 'SM12', 'LM9', 'C9'),
(94, 'E444', 'M216', 'SM109', 'LM75', 'C75'),
(95, 'E139', 'M66', 'SM33', 'LM25', 'C25'),
(96, 'E479', 'M233', 'SM117', 'LM80', 'C80'),
(97, 'E37', 'M14', 'SM9', 'LM6', 'C6'),
(98, 'E235', 'M111', 'SM54', 'LM38', 'C38'),
(99, 'E456', 'M221', 'SM111', 'LM76', 'C76'),
(100, 'E543', 'M268', 'SM136', 'LM94', 'C94'),
(101, 'E498', 'M242', 'SM122', 'LM84', 'C84'),
(102, 'E249', 'M117', 'SM56', 'LM40', 'C40'),
(103, 'E442', 'M215', 'SM108', 'LM74', 'C74'),
(104, 'E141', 'M66', 'SM33', 'LM25', 'C25'),
(105, 'E16', 'M6', 'SM3', 'LM2', 'C2'),
(106, 'E342', 'M166', 'SM82', 'LM58', 'C58'),
(107, 'E456', 'M221', 'SM111', 'LM76', 'C76'),
(108, 'E92', 'M41', 'SM21', 'LM16', 'C16'),
(109, 'E121', 'M58', 'SM29', 'LM21', 'C21'),
(110, 'E184', 'M85', 'SM44', 'LM33', 'C33'),
(111, 'E189', 'M88', 'SM45', 'LM33', 'C33'),
(112, 'E461', 'M223', 'SM112', 'LM77', 'C77'),
(113, 'E360', 'M175', 'SM87', 'LM62', 'C62'),
(114, 'E432', 'M209', 'SM105', 'LM72', 'C72'),
(115, 'E208', 'M98', 'SM48', 'LM35', 'C35'),
(116, 'E399', 'M193', 'SM97', 'LM68', 'C68'),
(117, 'E2', 'M1', 'SM1', 'LM1', 'C1'),
(118, 'E9', 'M3', 'SM1', 'LM1', 'C1'),
(119, 'E482', 'M234', 'SM118', 'LM81', 'C81'),
(120, 'E43', 'M17', 'SM12', 'LM9', 'C9'),
(121, 'E204', 'M96', 'SM48', 'LM35', 'C35'),
(122, 'E99', 'M44', 'SM23', 'LM17', 'C17'),
(123, 'E37', 'M14', 'SM9', 'LM6', 'C6'),
(124, 'E577', 'M284', 'SM144', 'LM100', 'C100'),
(125, 'E536', 'M265', 'SM135', 'LM93', 'C93'),
(126, 'E5', 'M2', 'SM1', 'LM1', 'C1'),
(127, 'E324', 'M157', 'SM77', 'LM54', 'C54'),
(128, 'E27', 'M11', 'SM8', 'LM5', 'C5'),
(129, 'E135', 'M64', 'SM32', 'LM24', 'C24'),
(130, 'E63', 'M27', 'SM16', 'LM12', 'C12'),
(131, 'E118', 'M57', 'SM29', 'LM21', 'C21'),
(132, 'E475', 'M230', 'SM115', 'LM78', 'C78'),
(133, 'E288', 'M137', 'SM67', 'LM47', 'C47'),
(134, 'E489', 'M237', 'SM119', 'LM82', 'C82'),
(135, 'E445', 'M217', 'SM109', 'LM75', 'C75'),
(136, 'E469', 'M228', 'SM114', 'LM78', 'C78'),
(137, 'E401', 'M194', 'SM97', 'LM68', 'C68'),
(138, 'E416', 'M202', 'SM101', 'LM70', 'C70'),
(139, 'E282', 'M135', 'SM65', 'LM46', 'C46'),
(140, 'E293', 'M141', 'SM69', 'LM48', 'C48'),
(141, 'E386', 'M188', 'SM94', 'LM66', 'C66'),
(142, 'E495', 'M241', 'SM121', 'LM83', 'C83'),
(143, 'E70', 'M30', 'SM17', 'LM13', 'C13'),
(144, 'E74', 'M31', 'SM18', 'LM13', 'C13'),
(145, 'E219', 'M103', 'SM50', 'LM36', 'C36'),
(146, 'E517', 'M253', 'SM128', 'LM88', 'C88'),
(147, 'E121', 'M58', 'SM29', 'LM21', 'C21'),
(148, 'E330', 'M160', 'SM78', 'LM55', 'C55'),
(149, 'E153', 'M72', 'SM37', 'LM28', 'C28'),
(150, 'E38', 'M15', 'SM10', 'LM7', 'C7'),
(151, 'E494', 'M241', 'SM121', 'LM83', 'C83'),
(152, 'E9', 'M3', 'SM1', 'LM1', 'C1'),
(153, 'E526', 'M258', 'SM130', 'LM89', 'C89'),
(154, 'E217', 'M102', 'SM50', 'LM36', 'C36'),
(155, 'E50', 'M20', 'SM13', 'LM10', 'C10'),
(156, 'E529', 'M260', 'SM131', 'LM90', 'C90'),
(157, 'E364', 'M177', 'SM88', 'LM62', 'C62'),
(158, 'E35', 'M14', 'SM9', 'LM6', 'C6'),
(159, 'E429', 'M208', 'SM104', 'LM72', 'C72'),
(160, 'E1', 'M1', 'SM1', 'LM1', 'C1'),
(161, 'E152', 'M72', 'SM37', 'LM28', 'C28'),
(162, 'E349', 'M169', 'SM84', 'LM59', 'C59'),
(163, 'E200', 'M94', 'SM47', 'LM34', 'C34'),
(164, 'E361', 'M176', 'SM88', 'LM62', 'C62'),
(165, 'E518', 'M254', 'SM128', 'LM88', 'C88'),
(166, 'E45', 'M18', 'SM12', 'LM9', 'C9'),
(167, 'E566', 'M280', 'SM142', 'LM99', 'C99'),
(168, 'E203', 'M95', 'SM47', 'LM34', 'C34'),
(169, 'E251', 'M119', 'SM57', 'LM41', 'C41'),
(170, 'E50', 'M20', 'SM13', 'LM10', 'C10'),
(171, 'E385', 'M188', 'SM94', 'LM66', 'C66'),
(172, 'E509', 'M248', 'SM125', 'LM86', 'C86'),
(173, 'E382', 'M187', 'SM93', 'LM65', 'C65'),
(174, 'E554', 'M273', 'SM138', 'LM95', 'C95'),
(175, 'E288', 'M137', 'SM67', 'LM47', 'C47'),
(176, 'E215', 'M101', 'SM49', 'LM35', 'C35'),
(177, 'E483', 'M235', 'SM118', 'LM81', 'C81'),
(178, 'E151', 'M71', 'SM36', 'LM28', 'C28'),
(179, 'E59', 'M25', 'SM15', 'LM12', 'C12'),
(180, 'E252', 'M119', 'SM57', 'LM41', 'C41'),
(181, 'E66', 'M28', 'SM16', 'LM12', 'C12'),
(182, 'E545', 'M269', 'SM137', 'LM94', 'C94'),
(183, 'E242', 'M115', 'SM55', 'LM39', 'C39'),
(184, 'E124', 'M59', 'SM30', 'LM22', 'C22'),
(185, 'E529', 'M260', 'SM131', 'LM90', 'C90'),
(186, 'E60', 'M25', 'SM15', 'LM12', 'C12'),
(187, 'E333', 'M162', 'SM80', 'LM56', 'C56'),
(188, 'E14', 'M6', 'SM3', 'LM2', 'C2'),
(189, 'E234', 'M110', 'SM54', 'LM38', 'C38'),
(190, 'E175', 'M81', 'SM42', 'LM32', 'C32'),
(191, 'E419', 'M204', 'SM102', 'LM71', 'C71'),
(192, 'E260', 'M123', 'SM59', 'LM42', 'C42'),
(193, 'E453', 'M220', 'SM111', 'LM76', 'C76'),
(194, 'E248', 'M117', 'SM56', 'LM40', 'C40'),
(195, 'E112', 'M52', 'SM27', 'LM19', 'C19'),
(196, 'E124', 'M59', 'SM30', 'LM22', 'C22'),
(197, 'E256', 'M120', 'SM58', 'LM41', 'C41'),
(198, 'E463', 'M224', 'SM112', 'LM77', 'C77'),
(199, 'E285', 'M136', 'SM66', 'LM46', 'C46'),
(200, 'E514', 'M251', 'SM127', 'LM87', 'C87'),
-- Rows 201 to 300
(201, 'E225', 'M106', 'SM51', 'LM36', 'C36'),
(202, 'E551', 'M272', 'SM138', 'LM95', 'C95'),
(203, 'E72', 'M30', 'SM17', 'LM13', 'C13'),
(204, 'E155', 'M73', 'SM37', 'LM28', 'C28'),
(205, 'E152', 'M72', 'SM37', 'LM28', 'C28'),
(206, 'E502', 'M245', 'SM124', 'LM85', 'C85'),
(207, 'E508', 'M248', 'SM125', 'LM86', 'C86'),
(208, 'E404', 'M196', 'SM98', 'LM68', 'C68'),
(209, 'E123', 'M59', 'SM30', 'LM22', 'C22'),
(210, 'E509', 'M248', 'SM125', 'LM86', 'C86'),
(211, 'E90', 'M40', 'SM21', 'LM16', 'C16'),
(212, 'E557', 'M276', 'SM140', 'LM97', 'C97'),
(213, 'E117', 'M57', 'SM29', 'LM21', 'C21'),
(214, 'E435', 'M211', 'SM106', 'LM73', 'C73'),
(215, 'E160', 'M75', 'SM38', 'LM29', 'C29'),
(216, 'E271', 'M129', 'SM62', 'LM43', 'C43'),
(217, 'E125', 'M60', 'SM30', 'LM22', 'C22'),
(218, 'E265', 'M125', 'SM60', 'LM42', 'C42'),
(219, 'E88', 'M38', 'SM20', 'LM15', 'C15'),
(220, 'E474', 'M230', 'SM115', 'LM78', 'C78'),
(221, 'E38', 'M15', 'SM10', 'LM7', 'C7'),
(222, 'E423', 'M206', 'SM103', 'LM71', 'C71'),
(223, 'E212', 'M99', 'SM49', 'LM35', 'C35'),
(224, 'E300', 'M145', 'SM70', 'LM49', 'C49'),
(225, 'E172', 'M80', 'SM41', 'LM31', 'C31'),
(226, 'E443', 'M216', 'SM109', 'LM75', 'C75'),
(227, 'E55', 'M23', 'SM15', 'LM12', 'C12'),
(228, 'E100', 'M44', 'SM23', 'LM17', 'C17'),
(229, 'E129', 'M62', 'SM31', 'LM23', 'C23'),
(230, 'E72', 'M30', 'SM17', 'LM13', 'C13'),
(231, 'E325', 'M157', 'SM77', 'LM54', 'C54'),
(232, 'E459', 'M223', 'SM112', 'LM77', 'C77'),
(233, 'E324', 'M157', 'SM77', 'LM54', 'C54'),
(234, 'E412', 'M200', 'SM101', 'LM70', 'C70'),
(235, 'E542', 'M268', 'SM136', 'LM94', 'C94'),
(236, 'E280', 'M134', 'SM65', 'LM46', 'C46'),
(237, 'E495', 'M241', 'SM121', 'LM83', 'C83'),
(238, 'E427', 'M208', 'SM104', 'LM72', 'C72'),
(239, 'E389', 'M189', 'SM94', 'LM66', 'C66'),
(240, 'E319', 'M152', 'SM73', 'LM51', 'C51'),
(241, 'E554', 'M273', 'SM138', 'LM95', 'C95'),
(242, 'E576', 'M283', 'SM144', 'LM100', 'C100'),
(243, 'E61', 'M26', 'SM16', 'LM12', 'C12'),
(244, 'E444', 'M216', 'SM109', 'LM75', 'C75'),
(245, 'E493', 'M240', 'SM120', 'LM83', 'C83'),
(246, 'E326', 'M158', 'SM77', 'LM54', 'C54'),
(247, 'E8', 'M3', 'SM1', 'LM1', 'C1'),
(248, 'E484', 'M235', 'SM118', 'LM81', 'C81'),
(249, 'E315', 'M151', 'SM73', 'LM51', 'C51'),
(250, 'E70', 'M30', 'SM17', 'LM13', 'C13'),
(251, 'E25', 'M10', 'SM7', 'LM5', 'C5'),
(252, 'E340', 'M164', 'SM81', 'LM57', 'C57'),
(253, 'E206', 'M97', 'SM48', 'LM35', 'C35'),
(254, 'E320', 'M153', 'SM74', 'LM52', 'C52'),
(255, 'E249', 'M117', 'SM56', 'LM40', 'C40'),
(256, 'E42', 'M16', 'SM11', 'LM8', 'C8'),
(257, 'E75', 'M31', 'SM18', 'LM13', 'C13'),
(258, 'E27', 'M11', 'SM8', 'LM5', 'C5'),
(259, 'E20', 'M8', 'SM5', 'LM3', 'C3'),
(260, 'E535', 'M264', 'SM135', 'LM93', 'C93'),
(261, 'E45', 'M18', 'SM12', 'LM9', 'C9'),
(262, 'E10', 'M4', 'SM2', 'LM1', 'C1'),
(263, 'E62', 'M26', 'SM16', 'LM12', 'C12'),
(264, 'E470', 'M229', 'SM115', 'LM78', 'C78'),
(265, 'E201', 'M95', 'SM47', 'LM34', 'C34'),
(266, 'E364', 'M177', 'SM88', 'LM62', 'C62'),
(267, 'E151', 'M71', 'SM36', 'LM28', 'C28'),
(268, 'E283', 'M135', 'SM65', 'LM46', 'C46'),
(269, 'E487', 'M236', 'SM118', 'LM81', 'C81'),
(270, 'E246', 'M116', 'SM56', 'LM40', 'C40'),
(271, 'E541', 'M267', 'SM136', 'LM94', 'C94'),
(272, 'E48', 'M19', 'SM12', 'LM9', 'C9'),
(273, 'E389', 'M189', 'SM94', 'LM66', 'C66'),
(274, 'E358', 'M174', 'SM87', 'LM62', 'C62'),
(275, 'E248', 'M117', 'SM56', 'LM40', 'C40'),
(276, 'E234', 'M110', 'SM54', 'LM38', 'C38'),
(277, 'E325', 'M157', 'SM77', 'LM54', 'C54'),
(278, 'E364', 'M177', 'SM88', 'LM62', 'C62'),
(279, 'E30', 'M12', 'SM8', 'LM5', 'C5'),
(280, 'E222', 'M104', 'SM51', 'LM36', 'C36'),
(281, 'E58', 'M25', 'SM15', 'LM12', 'C12'),
(282, 'E322', 'M155', 'SM75', 'LM53', 'C53'),
(283, 'E503', 'M245', 'SM124', 'LM85', 'C85'),
(284, 'E130', 'M62', 'SM31', 'LM23', 'C23'),
(285, 'E325', 'M157', 'SM77', 'LM54', 'C54'),
(286, 'E286', 'M136', 'SM66', 'LM46', 'C46'),
(287, 'E79', 'M33', 'SM18', 'LM13', 'C13'),
(288, 'E335', 'M162', 'SM80', 'LM56', 'C56'),
(289, 'E444', 'M216', 'SM109', 'LM75', 'C75'),
(290, 'E161', 'M76', 'SM38', 'LM29', 'C29'),
(291, 'E283', 'M135', 'SM65', 'LM46', 'C46'),
(292, 'E428', 'M208', 'SM104', 'LM72', 'C72'),
(293, 'E141', 'M66', 'SM33', 'LM25', 'C25'),
(294, 'E312', 'M150', 'SM72', 'LM51', 'C51'),
(295, 'E542', 'M268', 'SM136', 'LM94', 'C94'),
(296, 'E261', 'M123', 'SM59', 'LM42', 'C42'),
(297, 'E355', 'M172', 'SM86', 'LM61', 'C61'),
(298, 'E296', 'M143', 'SM70', 'LM49', 'C49'),
(299, 'E404', 'M196', 'SM98', 'LM68', 'C68'),
(300, 'E536', 'M265', 'SM135', 'LM93', 'C93'),
-- Rows 301 to 400
(301, 'E487', 'M236', 'SM118', 'LM81', 'C81'),
(302, 'E224', 'M105', 'SM51', 'LM36', 'C36'),
(303, 'E285', 'M136', 'SM66', 'LM46', 'C46'),
(304, 'E502', 'M245', 'SM124', 'LM85', 'C85'),
(305, 'E285', 'M136', 'SM66', 'LM46', 'C46'),
(306, 'E39', 'M15', 'SM10', 'LM7', 'C7'),
(307, 'E7', 'M3', 'SM1', 'LM1', 'C1'),
(308, 'E491', 'M238', 'SM119', 'LM82', 'C82'),
(309, 'E140', 'M66', 'SM33', 'LM25', 'C25'),
(310, 'E564', 'M279', 'SM142', 'LM99', 'C99'),
(311, 'E214', 'M101', 'SM49', 'LM35', 'C35'),
(312, 'E386', 'M188', 'SM94', 'LM66', 'C66'),
(313, 'E371', 'M181', 'SM90', 'LM63', 'C63'),
(314, 'E412', 'M200', 'SM101', 'LM70', 'C70'),
(315, 'E86', 'M37', 'SM20', 'LM15', 'C15'),
(316, 'E35', 'M14', 'SM9', 'LM6', 'C6'),
(317, 'E493', 'M240', 'SM120', 'LM83', 'C83'),
(318, 'E172', 'M80', 'SM41', 'LM31', 'C31'),
(319, 'E518', 'M254', 'SM128', 'LM88', 'C88'),
(320, 'E443', 'M216', 'SM109', 'LM75', 'C75'),
(321, 'E485', 'M235', 'SM118', 'LM81', 'C81'),
(322, 'E432', 'M209', 'SM105', 'LM72', 'C72'),
(323, 'E211', 'M99', 'SM49', 'LM35', 'C35'),
(324, 'E33', 'M13', 'SM9', 'LM6', 'C6'),
(325, 'E53', 'M23', 'SM15', 'LM12', 'C12'),
(326, 'E231', 'M108', 'SM52', 'LM37', 'C37'),
(327, 'E441', 'M215', 'SM108', 'LM74', 'C74'),
(328, 'E544', 'M269', 'SM137', 'LM94', 'C94'),
(329, 'E142', 'M67', 'SM34', 'LM26', 'C26'),
(330, 'E47', 'M19', 'SM12', 'LM9', 'C9'),
(331, 'E508', 'M248', 'SM125', 'LM86', 'C86'),
(332, 'E433', 'M210', 'SM105', 'LM72', 'C72'),
(333, 'E378', 'M185', 'SM93', 'LM65', 'C65'),
(334, 'E377', 'M184', 'SM92', 'LM65', 'C65'),
(335, 'E213', 'M100', 'SM49', 'LM35', 'C35'),
(336, 'E154', 'M72', 'SM37', 'LM28', 'C28'),
(337, 'E568', 'M280', 'SM142', 'LM99', 'C99'),
(338, 'E166', 'M78', 'SM40', 'LM30', 'C30'),
(339, 'E379', 'M185', 'SM93', 'LM65', 'C65'),
(340, 'E570', 'M281', 'SM143', 'LM100', 'C100'),
(341, 'E561', 'M278', 'SM141', 'LM98', 'C98'),
(342, 'E62', 'M26', 'SM16', 'LM12', 'C12'),
(343, 'E166', 'M78', 'SM40', 'LM30', 'C30'),
(344, 'E106', 'M49', 'SM25', 'LM18', 'C18'),
(345, 'E145', 'M68', 'SM35', 'LM27', 'C27'),
(346, 'E347', 'M168', 'SM83', 'LM58', 'C58'),
(347, 'E362', 'M176', 'SM88', 'LM62', 'C62'),
(348, 'E507', 'M247', 'SM125', 'LM86', 'C86'),
(349, 'E91', 'M40', 'SM21', 'LM16', 'C16'),
(350, 'E119', 'M57', 'SM29', 'LM21', 'C21'),
(351, 'E432', 'M209', 'SM105', 'LM72', 'C72'),
(352, 'E266', 'M126', 'SM61', 'LM43', 'C43'),
(353, 'E313', 'M150', 'SM72', 'LM51', 'C51'),
(354, 'E449', 'M219', 'SM110', 'LM76', 'C76'),
(355, 'E325', 'M157', 'SM77', 'LM54', 'C54'),
(356, 'E172', 'M80', 'SM41', 'LM31', 'C31'),
(357, 'E205', 'M96', 'SM48', 'LM35', 'C35'),
(358, 'E280', 'M134', 'SM65', 'LM46', 'C46'),
(359, 'E461', 'M223', 'SM112', 'LM77', 'C77'),
(360, 'E217', 'M102', 'SM50', 'LM36', 'C36'),
(361, 'E454', 'M220', 'SM111', 'LM76', 'C76'),
(362, 'E382', 'M187', 'SM93', 'LM65', 'C65'),
(363, 'E491', 'M238', 'SM119', 'LM82', 'C82'),
(364, 'E444', 'M216', 'SM109', 'LM75', 'C75'),
(365, 'E499', 'M243', 'SM123', 'LM85', 'C85'),
(366, 'E361', 'M176', 'SM88', 'LM62', 'C62'),
(367, 'E538', 'M266', 'SM136', 'LM94', 'C94'),
(368, 'E52', 'M22', 'SM14', 'LM11', 'C11'),
(369, 'E489', 'M237', 'SM119', 'LM82', 'C82'),
(370, 'E156', 'M73', 'SM37', 'LM28', 'C28'),
(371, 'E429', 'M208', 'SM104', 'LM72', 'C72'),
(372, 'E228', 'M107', 'SM52', 'LM37', 'C37'),
(373, 'E100', 'M44', 'SM23', 'LM17', 'C17'),
(374, 'E68', 'M29', 'SM17', 'LM13', 'C13'),
(375, 'E434', 'M211', 'SM106', 'LM73', 'C73'),
(376, 'E337', 'M163', 'SM81', 'LM57', 'C57'),
(377, 'E362', 'M176', 'SM88', 'LM62', 'C62'),
(378, 'E500', 'M244', 'SM123', 'LM85', 'C85'),
(379, 'E578', 'M284', 'SM144', 'LM100', 'C100'),
(380, 'E32', 'M13', 'SM9', 'LM6', 'C6'),
(381, 'E131', 'M63', 'SM32', 'LM24', 'C24'),
(382, 'E116', 'M56', 'SM29', 'LM21', 'C21'),
(383, 'E347', 'M168', 'SM83', 'LM58', 'C58'),
(384, 'E343', 'M166', 'SM82', 'LM58', 'C58'),
(385, 'E277', 'M133', 'SM64', 'LM45', 'C45'),
(386, 'E279', 'M134', 'SM65', 'LM46', 'C46'),
(387, 'E402', 'M195', 'SM97', 'LM68', 'C68'),
(388, 'E373', 'M182', 'SM90', 'LM63', 'C63'),
(389, 'E98', 'M43', 'SM23', 'LM17', 'C17'),
(390, 'E367', 'M178', 'SM89', 'LM63', 'C63'),
(391, 'E339', 'M164', 'SM81', 'LM57', 'C57'),
(392, 'E425', 'M207', 'SM103', 'LM71', 'C71'),
(393, 'E136', 'M64', 'SM32', 'LM24', 'C24'),
(394, 'E206', 'M97', 'SM48', 'LM35', 'C35'),
(395, 'E392', 'M190', 'SM94', 'LM66', 'C66'),
(396, 'E271', 'M129', 'SM62', 'LM43', 'C43'),
(397, 'E512', 'M250', 'SM126', 'LM87', 'C87'),
(398, 'E158', 'M75', 'SM38', 'LM29', 'C29'),
(399, 'E425', 'M207', 'SM103', 'LM71', 'C71'),
(400, 'E481', 'M234', 'SM118', 'LM81', 'C81'),
-- Rows 401 to 500
(401, 'E68', 'M29', 'SM17', 'LM13', 'C13'),
(402, 'E115', 'M55', 'SM28', 'LM20', 'C20'),
(403, 'E270', 'M128', 'SM61', 'LM43', 'C43'),
(404, 'E111', 'M51', 'SM27', 'LM19', 'C19'),
(405, 'E146', 'M68', 'SM35', 'LM27', 'C27'),
(406, 'E197', 'M91', 'SM46', 'LM34', 'C34'),
(407, 'E146', 'M68', 'SM35', 'LM27', 'C27'),
(408, 'E177', 'M83', 'SM43', 'LM32', 'C32'),
(409, 'E396', 'M192', 'SM96', 'LM67', 'C67'),
(410, 'E405', 'M197', 'SM98', 'LM68', 'C68'),
(411, 'E396', 'M192', 'SM96', 'LM67', 'C67'),
(412, 'E454', 'M220', 'SM111', 'LM76', 'C76'),
(413, 'E2', 'M1', 'SM1', 'LM1', 'C1'),
(414, 'E87', 'M37', 'SM20', 'LM15', 'C15'),
(415, 'E573', 'M282', 'SM144', 'LM100', 'C100'),
(416, 'E136', 'M64', 'SM32', 'LM24', 'C24'),
(417, 'E451', 'M219', 'SM110', 'LM76', 'C76'),
(418, 'E304', 'M146', 'SM71', 'LM50', 'C50'),
(419, 'E180', 'M84', 'SM43', 'LM32', 'C32'),
(420, 'E402', 'M195', 'SM97', 'LM68', 'C68'),
(421, 'E305', 'M147', 'SM71', 'LM50', 'C50'),
(422, 'E555', 'M274', 'SM139', 'LM96', 'C96'),
(423, 'E475', 'M230', 'SM115', 'LM78', 'C78'),
(424, 'E57', 'M24', 'SM15', 'LM12', 'C12'),
(425, 'E275', 'M132', 'SM63', 'LM44', 'C44'),
(426, 'E553', 'M273', 'SM138', 'LM95', 'C95'),
(427, 'E548', 'M270', 'SM137', 'LM94', 'C94'),
(428, 'E339', 'M164', 'SM81', 'LM57', 'C57'),
(429, 'E360', 'M175', 'SM87', 'LM62', 'C62'),
(430, 'E484', 'M235', 'SM118', 'LM81', 'C81'),
(431, 'E351', 'M169', 'SM84', 'LM59', 'C59'),
(432, 'E125', 'M60', 'SM30', 'LM22', 'C22'),
(433, 'E544', 'M269', 'SM137', 'LM94', 'C94'),
(434, 'E468', 'M227', 'SM113', 'LM77', 'C77'),
(435, 'E159', 'M75', 'SM38', 'LM29', 'C29'),
(436, 'E107', 'M50', 'SM26', 'LM19', 'C19'),
(437, 'E322', 'M155', 'SM75', 'LM53', 'C53'),
(438, 'E29', 'M12', 'SM8', 'LM5', 'C5'),
(439, 'E434', 'M211', 'SM106', 'LM73', 'C73'),
(440, 'E323', 'M156', 'SM76', 'LM54', 'C54'),
(441, 'E166', 'M78', 'SM40', 'LM30', 'C30'),
(442, 'E185', 'M86', 'SM44', 'LM33', 'C34'),
(443, 'E352', 'M170', 'SM84', 'LM59', 'C59'),
(444, 'E227', 'M107', 'SM52', 'LM37', 'C37'),
(445, 'E289', 'M137', 'SM67', 'LM47', 'C47'),
(446, 'E157', 'M74', 'SM38', 'LM29', 'C29'),
(447, 'E116', 'M56', 'SM29', 'LM21', 'C21'),
(448, 'E355', 'M172', 'SM86', 'LM61', 'C61'),
(449, 'E363', 'M176', 'SM88', 'LM62', 'C62'),
(450, 'E13', 'M5', 'SM2', 'LM1', 'C1'),
(451, 'E94', 'M42', 'SM22', 'LM17', 'C17'),
(452, 'E168', 'M78', 'SM40', 'LM30', 'C30'),
(453, 'E51', 'M21', 'SM13', 'LM10', 'C10'),
(454, 'E503', 'M245', 'SM124', 'LM85', 'C85'),
(455, 'E125', 'M60', 'SM30', 'LM22', 'C22'),
(456, 'E535', 'M264', 'SM135', 'LM93', 'C93'),
(457, 'E121', 'M58', 'SM29', 'LM21', 'C21'),
(458, 'E465', 'M225', 'SM112', 'LM77', 'C77'),
(459, 'E543', 'M268', 'SM136', 'LM94', 'C94'),
(460, 'E177', 'M83', 'SM43', 'LM32', 'C32'),
(461, 'E413', 'M200', 'SM101', 'LM70', 'C70'),
(462, 'E26', 'M11', 'SM8', 'LM5', 'C5'),
(463, 'E572', 'M282', 'SM144', 'LM100', 'C100'),
(464, 'E50', 'M20', 'SM13', 'LM10', 'C10'),
(465, 'E59', 'M25', 'SM15', 'LM12', 'C12'),
(466, 'E165', 'M77', 'SM39', 'LM29', 'C29'),
(467, 'E342', 'M166', 'SM82', 'LM58', 'C58'),
(468, 'E141', 'M66', 'SM33', 'LM25', 'C25'),
(469, 'E483', 'M235', 'SM118', 'LM81', 'C81'),
(470, 'E552', 'M272', 'SM138', 'LM95', 'C95'),
(471, 'E462', 'M224', 'SM112', 'LM77', 'C77'),
(472, 'E468', 'M227', 'SM113', 'LM77', 'C77'),
(473, 'E350', 'M169', 'SM84', 'LM59', 'C59'),
(474, 'E280', 'M134', 'SM65', 'LM46', 'C46'),
(475, 'E107', 'M50', 'SM26', 'LM19', 'C19'),
(476, 'E462', 'M224', 'SM112', 'LM77', 'C77'),
(477, 'E80', 'M33', 'SM18', 'LM13', 'C13'),
(478, 'E237', 'M112', 'SM54', 'LM38', 'C38'),
(479, 'E386', 'M188', 'SM94', 'LM66', 'C66'),
(480, 'E462', 'M224', 'SM112', 'LM77', 'C77'),
(481, 'E228', 'M107', 'SM52', 'LM37', 'C37'),
(482, 'E506', 'M246', 'SM124', 'LM85', 'C85'),
(483, 'E222', 'M104', 'SM51', 'LM36', 'C36'),
(484, 'E354', 'M171', 'SM85', 'LM60', 'C60'),
(485, 'E231', 'M108', 'SM52', 'LM37', 'C37'),
(486, 'E241', 'M114', 'SM55', 'LM39', 'C39'),
(487, 'E314', 'M151', 'SM73', 'LM51', 'C51'),
(488, 'E179', 'M83', 'SM43', 'LM32', 'C32'),
(489, 'E150', 'M70', 'SM36', 'LM28', 'C28'),
(490, 'E574', 'M283', 'SM144', 'LM100', 'C100'),
(491, 'E218', 'M103', 'SM50', 'LM36', 'C36'),
(492, 'E344', 'M167', 'SM83', 'LM58', 'C58'),
(493, 'E92', 'M41', 'SM21', 'LM16', 'C16'),
(494, 'E226', 'M106', 'SM51', 'LM36', 'C36'),
(495, 'E165', 'M77', 'SM39', 'LM29', 'C29'),
(496, 'E426', 'M207', 'SM103', 'LM71', 'C71'),
(497, 'E309', 'M149', 'SM72', 'LM51', 'C51'),
(498, 'E61', 'M26', 'SM16', 'LM12', 'C12'),
(499, 'E556', 'M275', 'SM139', 'LM96', 'C96'),
(500, 'E271', 'M129', 'SM62', 'LM43', 'C43'),
-- Rows 501 onwards
(501, 'E222', 'M104', 'SM51', 'LM36', 'C36'),
(502, 'E131', 'M63', 'SM32', 'LM24', 'C24'),
(503, 'E355', 'M172', 'SM86', 'LM61', 'C61'),
(504, 'E538', 'M266', 'SM136', 'LM94', 'C94'),
(505, 'E410', 'M199', 'SM100', 'LM70', 'C70'),
(506, 'E110', 'M51', 'SM27', 'LM19', 'C19'),
(507, 'E215', 'M101', 'SM49', 'LM35', 'C35'),
(508, 'E432', 'M209', 'SM105', 'LM72', 'C72'),
(509, 'E315', 'M151', 'SM73', 'LM51', 'C51'),
(510, 'E55', 'M23', 'SM15', 'LM12', 'C12'),
(511, 'E166', 'M78', 'SM40', 'LM30', 'C30'),
(512, 'E108', 'M50', 'SM26', 'LM19', 'C19'),
(513, 'E126', 'M60', 'SM30', 'LM22', 'C22'),
(514, 'E542', 'M268', 'SM136', 'LM94', 'C94'),
(515, 'E457', 'M222', 'SM111', 'LM76', 'C76'),
(516, 'E49', 'M20', 'SM13', 'LM10', 'C10'),
(517, 'E543', 'M268', 'SM136', 'LM94', 'C94'),
(518, 'E384', 'M188', 'SM94', 'LM66', 'C66'),
(519, 'E338', 'M164', 'SM81', 'LM57', 'C57'),
(520, 'E332', 'M161', 'SM79', 'LM55', 'C55'),
(521, 'E101', 'M45', 'SM24', 'LM18', 'C18'),
(522, 'E21', 'M8', 'SM5', 'LM3', 'C3'),
(523, 'E277', 'M133', 'SM64', 'LM45', 'C45'),
(524, 'E416', 'M202', 'SM101', 'LM70', 'C70'),
(525, 'E178', 'M83', 'SM43', 'LM32', 'C32'),
(526, 'E165', 'M77', 'SM39', 'LM29', 'C29'),
(527, 'E64', 'M27', 'SM16', 'LM12', 'C12'),
(528, 'E544', 'M269', 'SM137', 'LM94', 'C94'),
(529, 'E521', 'M256', 'SM129', 'LM89', 'C89'),
(530, 'E83', 'M34', 'SM19', 'LM14', 'C14'),
(531, 'E412', 'M200', 'SM101', 'LM70', 'C70'),
(532, 'E565', 'M279', 'SM142', 'LM99', 'C99'),
(533, 'E33', 'M13', 'SM9', 'LM6', 'C6'),
(534, 'E414', 'M201', 'SM101', 'LM70', 'C70'),
(535, 'E518', 'M254', 'SM128', 'LM88', 'C88'),
(536, 'E104', 'M47', 'SM24', 'LM18', 'C18'),
(537, 'E351', 'M169', 'SM84', 'LM59', 'C59'),
(538, 'E339', 'M164', 'SM81', 'LM57', 'C57'),
(539, 'E323', 'M156', 'SM76', 'LM54', 'C54'),
(540, 'E481', 'M234', 'SM118', 'LM81', 'C81'),
(541, 'E191', 'M88', 'SM45', 'LM33', 'C33'),
(542, 'E481', 'M234', 'SM118', 'LM81', 'C81'),
(543, 'E418', 'M203', 'SM102', 'LM71', 'C71'),
(544, 'E473', 'M230', 'SM115', 'LM78', 'C78'),
(545, 'E528', 'M260', 'SM131', 'LM90', 'C90'),
(546, 'E409', 'M198', 'SM99', 'LM69', 'C69'),
(547, 'E458', 'M222', 'SM111', 'LM76', 'C76'),
(548, 'E173', 'M80', 'SM41', 'LM31', 'C31'),
(549, 'E246', 'M116', 'SM56', 'LM40', 'C40'),
(550, 'E226', 'M106', 'SM51', 'LM36', 'C36'),
(551, 'E532', 'M263', 'SM134', 'LM92', 'C92'),
(552, 'E146', 'M68', 'SM35', 'LM27', 'C27'),
(553, 'E248', 'M117', 'SM56', 'LM40', 'C40'),
(554, 'E91', 'M40', 'SM21', 'LM16', 'C16'),
(555, 'E460', 'M223', 'SM112', 'LM77', 'C77'),
(556, 'E84', 'M35', 'SM19', 'LM14', 'C14'),
(557, 'E100', 'M44', 'SM23', 'LM17', 'C17'),
(558, 'E341', 'M165', 'SM82', 'LM58', 'C58'),
(559, 'E276', 'M133', 'SM64', 'LM45', 'C45'),
(560, 'E373', 'M182', 'SM90', 'LM63', 'C63'),
(561, 'E140', 'M66', 'SM33', 'LM25', 'C25'),
(562, 'E153', 'M72', 'SM37', 'LM28', 'C28'),
(563, 'E289', 'M137', 'SM67', 'LM47', 'C47'),
(564, 'E313', 'M150', 'SM72', 'LM51', 'C51'),
(565, 'E298', 'M144', 'SM70', 'LM49', 'C49'),
(566, 'E240', 'M114', 'SM55', 'LM39', 'C39'),
(567, 'E539', 'M267', 'SM136', 'LM94', 'C94'),
(568, 'E13', 'M5', 'SM2', 'LM1', 'C1'),
(569, 'E215', 'M101', 'SM49', 'LM35', 'C35'),
(570, 'E16', 'M6', 'SM3', 'LM2', 'C2'),
(571, 'E219', 'M103', 'SM50', 'LM36', 'C36'),
(572, 'E372', 'M181', 'SM90', 'LM63', 'C63'),
(573, 'E564', 'M279', 'SM142', 'LM99', 'C99'),
(574, 'E67', 'M29', 'SM17', 'LM13', 'C13'),
(575, 'E17', 'M7', 'SM4', 'LM3', 'C3'),
(576, 'E460', 'M223', 'SM112', 'LM77', 'C77'),
(577, 'E59', 'M25', 'SM15', 'LM12', 'C12'),
(578, 'E118', 'M57', 'SM29', 'LM21', 'C21'),
(579, 'E107', 'M50', 'SM26', 'LM19', 'C19'),
(580, 'E22', 'M9', 'SM6', 'LM4', 'C4'),
(581, 'E260', 'M123', 'SM59', 'LM42', 'C42'),
(582, 'E278', 'M133', 'SM64', 'LM45', 'C45'),
(583, 'E352', 'M170', 'SM84', 'LM59', 'C59'),
(584, 'E308', 'M148', 'SM72', 'LM51', 'C51'),
(585, 'E132', 'M63', 'SM32', 'LM24', 'C24'),
(586, 'E301', 'M145', 'SM70', 'LM49', 'C49'),
(587, 'E221', 'M104', 'SM51', 'LM36', 'C36'),
(588, 'E46', 'M18', 'SM12', 'LM9', 'C9'),
(589, 'E563', 'M279', 'SM142', 'LM99', 'C99'),
(590, 'E128', 'M61', 'SM30', 'LM22', 'C22'),
(591, 'E204', 'M96', 'SM48', 'LM35', 'C35'),
(592, 'E81', 'M34', 'SM19', 'LM14', 'C14'),
(593, 'E229', 'M108', 'SM52', 'LM37', 'C37'),
(594, 'E341', 'M165', 'SM82', 'LM58', 'C58'),
(595, 'E425', 'M207', 'SM103', 'LM71', 'C71'),
(596, 'E531', 'M262', 'SM133', 'LM91', 'C91'),
(597, 'E27', 'M11', 'SM8', 'LM5', 'C5'),
(598, 'E16', 'M6', 'SM3', 'LM2', 'C2'),
(599, 'E347', 'M168', 'SM83', 'LM58', 'C58'),
(600, 'E70', 'M30', 'SM17', 'LM13', 'C13'),
-- Rows 601 onwards
(601, 'E423', 'M206', 'SM103', 'LM71', 'C71'),
(602, 'E148', 'M69', 'SM36', 'LM28', 'C28'),
(603, 'E136', 'M64', 'SM32', 'LM24', 'C24'),
(604, 'E122', 'M58', 'SM29', 'LM21', 'C21'),
(605, 'E56', 'M24', 'SM15', 'LM12', 'C12'),
(606, 'E526', 'M258', 'SM130', 'LM89', 'C89'),
(607, 'E387', 'M189', 'SM94', 'LM66', 'C66'),
(608, 'E222', 'M104', 'SM51', 'LM36', 'C36'),
(609, 'E202', 'M95', 'SM47', 'LM34', 'C34'),
(610, 'E555', 'M274', 'SM139', 'LM96', 'C96'),
(611, 'E5', 'M2', 'SM1', 'LM1', 'C1'),
(612, 'E260', 'M123', 'SM59', 'LM42', 'C42'),
(613, 'E453', 'M220', 'SM111', 'LM76', 'C76'),
(614, 'E524', 'M257', 'SM129', 'LM89', 'C89'),
(615, 'E10', 'M4', 'SM2', 'LM1', 'C1'),
(616, 'E367', 'M178', 'SM89', 'LM63', 'C63'),
(617, 'E398', 'M193', 'SM97', 'LM68', 'C68'),
(618, 'E343', 'M166', 'SM82', 'LM58', 'C58'),
(619, 'E232', 'M109', 'SM53', 'LM38', 'C38'),
(620, 'E306', 'M147', 'SM71', 'LM50', 'C50'),
(621, 'E386', 'M188', 'SM94', 'LM66', 'C66'),
(622, 'E28', 'M11', 'SM8', 'LM5', 'C5'),
(623, 'E547', 'M270', 'SM137', 'LM94', 'C94'),
(624, 'E117', 'M57', 'SM29', 'LM21', 'C21'),
(625, 'E390', 'M190', 'SM94', 'LM66', 'C66'),
(626, 'E58', 'M25', 'SM15', 'LM12', 'C12'),
(627, 'E243', 'M115', 'SM55', 'LM39', 'C39'),
(628, 'E20', 'M8', 'SM5', 'LM3', 'C3'),
(629, 'E533', 'M263', 'SM134', 'LM92', 'C92'),
(630, 'E247', 'M117', 'SM56', 'LM40', 'C40'),
(631, 'E227', 'M107', 'SM52', 'LM37', 'C37'),
(632, 'E187', 'M86', 'SM44', 'LM33', 'C33'),
(633, 'E89', 'M39', 'SM21', 'LM16', 'C16'),
(634, 'E278', 'M133', 'SM64', 'LM45', 'C45'),
(635, 'E434', 'M211', 'SM106', 'LM73', 'C73'),
(636, 'E77', 'M32', 'SM18', 'LM13', 'C13'),
(637, 'E87', 'M37', 'SM20', 'LM15', 'C15'),
(638, 'E536', 'M265', 'SM135', 'LM93', 'C93'),
(639, 'E515', 'M252', 'SM127', 'LM87', 'C87'),
(640, 'E254', 'M120', 'SM58', 'LM41', 'C41'),
(641, 'E538', 'M266', 'SM136', 'LM94', 'C94'),
(642, 'E518', 'M254', 'SM128', 'LM88', 'C88'),
(643, 'E238', 'M113', 'SM55', 'LM39', 'C39'),
(644, 'E453', 'M220', 'SM111', 'LM76', 'C76'),
(645, 'E572', 'M282', 'SM144', 'LM100', 'C100'),
(646, 'E391', 'M190', 'SM94', 'LM66', 'C66'),
(647, 'E567', 'M280', 'SM142', 'LM99', 'C99'),
(648, 'E397', 'M192', 'SM96', 'LM67', 'C67'),
(649, 'E190', 'M88', 'SM45', 'LM33', 'C33'),
(650, 'E1', 'M1', 'SM1', 'LM1', 'C1'),
(651, 'E575', 'M283', 'SM144', 'LM100', 'C100'),
(652, 'E398', 'M193', 'SM97', 'LM68', 'C68'),
(653, 'E181', 'M84', 'SM43', 'LM32', 'C32'),
(654, 'E465', 'M225', 'SM112', 'LM77', 'C77'),
(655, 'E523', 'M256', 'SM129', 'LM89', 'C89'),
(656, 'E554', 'M273', 'SM138', 'LM95', 'C95'),
(657, 'E555', 'M274', 'SM139', 'LM96', 'C96'),
(658, 'E111', 'M51', 'SM27', 'LM19', 'C19'),
(659, 'E145', 'M68', 'SM35', 'LM27', 'C27'),
(660, 'E33', 'M13', 'SM9', 'LM6', 'C6'),
(661, 'E440', 'M214', 'SM107', 'LM74', 'C74'),
(662, 'E148', 'M69', 'SM36', 'LM28', 'C28'),
(663, 'E174', 'M81', 'SM42', 'LM32', 'C32'),
(664, 'E494', 'M241', 'SM121', 'LM83', 'C83'),
(665, 'E322', 'M155', 'SM75', 'LM53', 'C53'),
(666, 'E504', 'M246', 'SM124', 'LM85', 'C85'),
(667, 'E284', 'M135', 'SM65', 'LM46', 'C46'),
(668, 'E359', 'M175', 'SM87', 'LM62', 'C62'),
(669, 'E290', 'M138', 'SM67', 'LM47', 'C47'),
(670, 'E560', 'M277', 'SM141', 'LM98', 'C98'),
(671, 'E521', 'M256', 'SM129', 'LM89', 'C89'),
(672, 'E553', 'M273', 'SM138', 'LM95', 'C95'),
(673, 'E6', 'M2', 'SM1', 'LM1', 'C1'),
(674, 'E66', 'M28', 'SM16', 'LM12', 'C12'),
(675, 'E461', 'M223', 'SM112', 'LM77', 'C77'),
(676, 'E96', 'M43', 'SM23', 'LM17', 'C17'),
(677, 'E524', 'M257', 'SM129', 'LM89', 'C89'),
(678, 'E369', 'M180', 'SM89', 'LM63', 'C63'),
(679, 'E552', 'M272', 'SM138', 'LM95', 'C95'),
(680, 'E547', 'M270', 'SM137', 'LM94', 'C94'),
(681, 'E74', 'M31', 'SM18', 'LM13', 'C13'),
(682, 'E69', 'M29', 'SM17', 'LM13', 'C13'),
(683, 'E255', 'M120', 'SM58', 'LM41', 'C41'),
(684, 'E106', 'M49', 'SM25', 'LM18', 'C18'),
(685, 'E78', 'M33', 'SM18', 'LM13', 'C13'),
(686, 'E392', 'M190', 'SM94', 'LM66', 'C66'),
(687, 'E468', 'M227', 'SM113', 'LM77', 'C77'),
(688, 'E429', 'M208', 'SM104', 'LM72', 'C72'),
(689, 'E240', 'M114', 'SM55', 'LM39', 'C39'),
(690, 'E199', 'M93', 'SM47', 'LM34', 'C34'),
(691, 'E50', 'M20', 'SM13', 'LM10', 'C10'),
(692, 'E458', 'M222', 'SM111', 'LM76', 'C76'),
(693, 'E128', 'M61', 'SM30', 'LM22', 'C22'),
(694, 'E493', 'M240', 'SM120', 'LM83', 'C83'),
(695, 'E220', 'M103', 'SM50', 'LM36', 'C36'),
(696, 'E491', 'M238', 'SM119', 'LM82', 'C82'),
(697, 'E210', 'M98', 'SM48', 'LM35', 'C35'),
(698, 'E478', 'M233', 'SM117', 'LM80', 'C80'),
(699, 'E192', 'M89', 'SM45', 'LM33', 'C33'),
(700, 'E185', 'M86', 'SM44', 'LM33', 'C33'),
-- Rows 701 onwards
(701, 'E146', 'M68', 'SM35', 'LM27', 'C27'),
(702, 'E300', 'M145', 'SM70', 'LM49', 'C49'),
(703, 'E482', 'M234', 'SM118', 'LM81', 'C81'),
(704, 'E227', 'M107', 'SM52', 'LM37', 'C37'),
(705, 'E421', 'M205', 'SM103', 'LM71', 'C71'),
(706, 'E482', 'M234', 'SM118', 'LM81', 'C81'),
(707, 'E45', 'M18', 'SM12', 'LM9', 'C9'),
(708, 'E482', 'M234', 'SM118', 'LM81', 'C81'),
(709, 'E378', 'M185', 'SM93', 'LM65', 'C65'),
(710, 'E167', 'M78', 'SM40', 'LM30', 'C30'),
(711, 'E97', 'M43', 'SM23', 'LM17', 'C17'),
(712, 'E537', 'M266', 'SM136', 'LM94', 'C94'),
(713, 'E203', 'M95', 'SM47', 'LM34', 'C34'),
(714, 'E507', 'M247', 'SM125', 'LM86', 'C86'),
(715, 'E416', 'M202', 'SM101', 'LM70', 'C70'),
(716, 'E526', 'M258', 'SM130', 'LM89', 'C89'),
(717, 'E266', 'M126', 'SM61', 'LM43', 'C43'),
(718, 'E495', 'M241', 'SM121', 'LM83', 'C83'),
(719, 'E285', 'M136', 'SM66', 'LM46', 'C46'),
(720, 'E282', 'M135', 'SM65', 'LM46', 'C46'),
(721, 'E61', 'M26', 'SM16', 'LM12', 'C12'),
(722, 'E196', 'M91', 'SM46', 'LM34', 'C34'),
(723, 'E351', 'M169', 'SM84', 'LM59', 'C59'),
(724, 'E362', 'M176', 'SM88', 'LM62', 'C62'),
(725, 'E351', 'M169', 'SM84', 'LM59', 'C59'),
(726, 'E216', 'M102', 'SM50', 'LM36', 'C36'),
(727, 'E121', 'M58', 'SM29', 'LM21', 'C21'),
(728, 'E547', 'M270', 'SM137', 'LM94', 'C94'),
(729, 'E415', 'M202', 'SM101', 'LM70', 'C70'),
(730, 'E212', 'M99', 'SM49', 'LM35', 'C35'),
(731, 'E335', 'M162', 'SM80', 'LM56', 'C56'),
(732, 'E38', 'M15', 'SM10', 'LM7', 'C7'),
(733, 'E457', 'M222', 'SM111', 'LM76', 'C76'),
(734, 'E548', 'M270', 'SM137', 'LM94', 'C94'),
(735, 'E10', 'M4', 'SM2', 'LM1', 'C1'),
(736, 'E11', 'M4', 'SM2', 'LM1', 'C1'),
(737, 'E273', 'M130', 'SM63', 'LM44', 'C44'),
(738, 'E136', 'M64', 'SM32', 'LM24', 'C24'),
(739, 'E203', 'M95', 'SM47', 'LM34', 'C34'),
(740, 'E521', 'M256', 'SM129', 'LM89', 'C89'),
(741, 'E324', 'M157', 'SM77', 'LM54', 'C54'),
(742, 'E23', 'M10', 'SM7', 'LM5', 'C5'),
(743, 'E361', 'M176', 'SM88', 'LM62', 'C62'),
(744, 'E2', 'M1', 'SM1', 'LM1', 'C1'),
(745, 'E308', 'M148', 'SM72', 'LM51', 'C51'),
(746, 'E366', 'M177', 'SM88', 'LM62', 'C62'),
(747, 'E7', 'M3', 'SM1', 'LM1', 'C1'),
(748, 'E213', 'M100', 'SM49', 'LM35', 'C35'),
(749, 'E32', 'M13', 'SM9', 'LM6', 'C6'),
(750, 'E362', 'M176', 'SM88', 'LM62', 'C62'),
(751, 'E64', 'M27', 'SM16', 'LM12', 'C12'),
(752, 'E83', 'M34', 'SM19', 'LM14', 'C14'),
(753, 'E506', 'M246', 'SM124', 'LM85', 'C85'),
(754, 'E297', 'M143', 'SM70', 'LM49', 'C49'),
(755, 'E402', 'M195', 'SM97', 'LM68', 'C68'),
(756, 'E397', 'M192', 'SM96', 'LM67', 'C67'),
(757, 'E255', 'M120', 'SM58', 'LM41', 'C41'),
(758, 'E491', 'M238', 'SM119', 'LM82', 'C82'),
(759, 'E323', 'M156', 'SM76', 'LM54', 'C54'),
(760, 'E185', 'M86', 'SM44', 'LM33', 'C33'),
(761, 'E215', 'M101', 'SM49', 'LM35', 'C35'),
(762, 'E150', 'M70', 'SM36', 'LM28', 'C28'),
(763, 'E242', 'M115', 'SM55', 'LM39', 'C39'),
(764, 'E96', 'M43', 'SM23', 'LM17', 'C17'),
(765, 'E398', 'M193', 'SM97', 'LM68', 'C68'),
(766, 'E203', 'M95', 'SM47', 'LM34', 'C34'),
(767, 'E279', 'M134', 'SM65', 'LM46', 'C46'),
(768, 'E135', 'M64', 'SM32', 'LM24', 'C24'),
(769, 'E13', 'M5', 'SM2', 'LM1', 'C1'),
(770, 'E226', 'M106', 'SM51', 'LM36', 'C36'),
(771, 'E180', 'M84', 'SM43', 'LM32', 'C32'),
(772, 'E325', 'M157', 'SM77', 'LM54', 'C54'),
(773, 'E372', 'M181', 'SM90', 'LM63', 'C63'),
(774, 'E194', 'M90', 'SM46', 'LM34', 'C34'),
(775, 'E1', 'M1', 'SM1', 'LM1', 'C1'),
(776, 'E249', 'M117', 'SM56', 'LM40', 'C40'),
(777, 'E210', 'M98', 'SM48', 'LM35', 'C35'),
(778, 'E445', 'M217', 'SM109', 'LM75', 'C75'),
(779, 'E324', 'M157', 'SM77', 'LM54', 'C54'),
(780, 'E259', 'M123', 'SM59', 'LM42', 'C42'),
(781, 'E366', 'M177', 'SM88', 'LM62', 'C62'),
(782, 'E426', 'M207', 'SM103', 'LM71', 'C71'),
(783, 'E115', 'M55', 'SM28', 'LM20', 'C20'),
(784, 'E69', 'M29', 'SM17', 'LM13', 'C13'),
(785, 'E432', 'M209', 'SM105', 'LM72', 'C72'),
(786, 'E578', 'M284', 'SM144', 'LM100', 'C100'),
(787, 'E253', 'M119', 'SM57', 'LM41', 'C41'),
(788, 'E343', 'M166', 'SM82', 'LM58', 'C58'),
(789, 'E163', 'M76', 'SM38', 'LM29', 'C29'),
(790, 'E83', 'M34', 'SM19', 'LM14', 'C14'),
(791, 'E536', 'M265', 'SM135', 'LM93', 'C93'),
(792, 'E266', 'M126', 'SM61', 'LM43', 'C43'),
(793, 'E252', 'M119', 'SM57', 'LM41', 'C41'),
(794, 'E500', 'M244', 'SM123', 'LM85', 'C85'),
(795, 'E420', 'M205', 'SM103', 'LM71', 'C71'),
(796, 'E525', 'M257', 'SM129', 'LM89', 'C89'),
(797, 'E16', 'M6', 'SM3', 'LM2', 'C2'),
(798, 'E368', 'M179', 'SM89', 'LM63', 'C63'),
(799, 'E190', 'M88', 'SM45', 'LM33', 'C33'),
(800, 'E336', 'M163', 'SM81', 'LM57', 'C57'),
-- Rows 801 onwards
(801, 'E191', 'M88', 'SM45', 'LM33', 'C33'),
(802, 'E110', 'M51', 'SM27', 'LM19', 'C19'),
(803, 'E500', 'M244', 'SM123', 'LM85', 'C85'),
(804, 'E69', 'M29', 'SM17', 'LM13', 'C13'),
(805, 'E8', 'M3', 'SM1', 'LM1', 'C1'),
(806, 'E366', 'M177', 'SM88', 'LM62', 'C62'),
(807, 'E552', 'M272', 'SM138', 'LM95', 'C95'),
(808, 'E488', 'M236', 'SM118', 'LM81', 'C81'),
(809, 'E521', 'M256', 'SM129', 'LM89', 'C89'),
(810, 'E408', 'M198', 'SM99', 'LM69', 'C69'),
(811, 'E498', 'M242', 'SM122', 'LM84', 'C84'),
(812, 'E205', 'M96', 'SM48', 'LM35', 'C35'),
(813, 'E444', 'M216', 'SM109', 'LM75', 'C75'),
(814, 'E472', 'M229', 'SM115', 'LM78', 'C78'),
(815, 'E343', 'M166', 'SM82', 'LM58', 'C58'),
(816, 'E136', 'M64', 'SM32', 'LM24', 'C24'),
(817, 'E257', 'M121', 'SM58', 'LM41', 'C41'),
(818, 'E138', 'M65', 'SM33', 'LM25', 'C25'),
(819, 'E78', 'M33', 'SM18', 'LM13', 'C13'),
(820, 'E525', 'M257', 'SM129', 'LM89', 'C89'),
(821, 'E174', 'M81', 'SM42', 'LM32', 'C32'),
(822, 'E89', 'M39', 'SM21', 'LM16', 'C16'),
(823, 'E467', 'M226', 'SM113', 'LM77', 'C77'),
(824, 'E567', 'M280', 'SM142', 'LM99', 'C99'),
(825, 'E296', 'M143', 'SM70', 'LM49', 'C49'),
(826, 'E20', 'M8', 'SM5', 'LM3', 'C3'),
(827, 'E402', 'M195', 'SM97', 'LM68', 'C68'),
(828, 'E304', 'M146', 'SM71', 'LM50', 'C50'),
(829, 'E129', 'M62', 'SM31', 'LM23', 'C23'),
(830, 'E138', 'M65', 'SM33', 'LM25', 'C25'),
(831, 'E568', 'M280', 'SM142', 'LM99', 'C99'),
(832, 'E218', 'M103', 'SM50', 'LM36', 'C36'),
(833, 'E517', 'M253', 'SM128', 'LM88', 'C88'),
(834, 'E230', 'M108', 'SM52', 'LM37', 'C37'),
(835, 'E235', 'M111', 'SM54', 'LM38', 'C38'),
(836, 'E114', 'M54', 'SM28', 'LM20', 'C20'),
(837, 'E78', 'M33', 'SM18', 'LM13', 'C13'),
(838, 'E382', 'M187', 'SM93', 'LM65', 'C65'),
(839, 'E507', 'M247', 'SM125', 'LM86', 'C86'),
(840, 'E170', 'M79', 'SM40', 'LM30', 'C30'),
(841, 'E51', 'M21', 'SM13', 'LM10', 'C10'),
(842, 'E21', 'M8', 'SM5', 'LM3', 'C3'),
(843, 'E55', 'M23', 'SM15', 'LM12', 'C12'),
(844, 'E335', 'M162', 'SM80', 'LM56', 'C56'),
(845, 'E81', 'M34', 'SM19', 'LM14', 'C14'),
(846, 'E120', 'M58', 'SM29', 'LM21', 'C21'),
(847, 'E308', 'M148', 'SM72', 'LM51', 'C51'),
(848, 'E372', 'M181', 'SM90', 'LM63', 'C63'),
(849, 'E488', 'M236', 'SM118', 'LM81', 'C81'),
(850, 'E134', 'M64', 'SM32', 'LM24', 'C24'),
(851, 'E159', 'M75', 'SM38', 'LM29', 'C29'),
(852, 'E471', 'M229', 'SM115', 'LM78', 'C78'),
(853, 'E414', 'M201', 'SM101', 'LM70', 'C70'),
(854, 'E305', 'M147', 'SM71', 'LM50', 'C50'),
(855, 'E561', 'M278', 'SM141', 'LM98', 'C98'),
(856, 'E368', 'M179', 'SM89', 'LM63', 'C63'),
(857, 'E408', 'M198', 'SM99', 'LM69', 'C69'),
(858, 'E362', 'M176', 'SM88', 'LM62', 'C62'),
(859, 'E474', 'M230', 'SM115', 'LM78', 'C78'),
(860, 'E68', 'M29', 'SM17', 'LM13', 'C13'),
(861, 'E181', 'M84', 'SM43', 'LM32', 'C32'),
(862, 'E302', 'M145', 'SM70', 'LM49', 'C49'),
(863, 'E292', 'M140', 'SM69', 'LM48', 'C48'),
(864, 'E101', 'M45', 'SM24', 'LM18', 'C18'),
(865, 'E17', 'M7', 'SM4', 'LM3', 'C3'),
(866, 'E389', 'M189', 'SM94', 'LM66', 'C66'),
(867, 'E348', 'M168', 'SM83', 'LM58', 'C58'),
(868, 'E216', 'M102', 'SM50', 'LM36', 'C36'),
(869, 'E498', 'M242', 'SM122', 'LM84', 'C84'),
(870, 'E143', 'M67', 'SM34', 'LM26', 'C26'),
(871, 'E121', 'M58', 'SM29', 'LM21', 'C21'),
(872, 'E93', 'M41', 'SM21', 'LM16', 'C16'),
(873, 'E46', 'M18', 'SM12', 'LM9', 'C9'),
(874, 'E236', 'M112', 'SM54', 'LM38', 'C38'),
(875, 'E245', 'M116', 'SM56', 'LM40', 'C40'),
(876, 'E421', 'M205', 'SM103', 'LM71', 'C71'),
(877, 'E448', 'M218', 'SM110', 'LM76', 'C76'),
(878, 'E380', 'M186', 'SM93', 'LM65', 'C65'),
(879, 'E81', 'M34', 'SM19', 'LM14', 'C14'),
(880, 'E531', 'M262', 'SM133', 'LM91', 'C91'),
(881, 'E264', 'M124', 'SM59', 'LM42', 'C42'),
(882, 'E561', 'M278', 'SM141', 'LM98', 'C98'),
(883, 'E229', 'M108', 'SM52', 'LM37', 'C37'),
(884, 'E480', 'M234', 'SM118', 'LM81', 'C81'),
(885, 'E129', 'M62', 'SM31', 'LM23', 'C23'),
(886, 'E150', 'M70', 'SM36', 'LM28', 'C28'),
(887, 'E489', 'M237', 'SM119', 'LM82', 'C82'),
(888, 'E98', 'M43', 'SM23', 'LM17', 'C17'),
(889, 'E36', 'M14', 'SM9', 'LM6', 'C6'),
(890, 'E8', 'M3', 'SM1', 'LM1', 'C1'),
(891, 'E273', 'M130', 'SM63', 'LM44', 'C44'),
(892, 'E206', 'M97', 'SM48', 'LM35', 'C35'),
(893, 'E539', 'M267', 'SM136', 'LM94', 'C94'),
(894, 'E28', 'M11', 'SM8', 'LM5', 'C5'),
(895, 'E257', 'M121', 'SM58', 'LM41', 'C41'),
(896, 'E390', 'M190', 'SM94', 'LM66', 'C66'),
(897, 'E445', 'M217', 'SM109', 'LM75', 'C75'),
(898, 'E531', 'M262', 'SM133', 'LM91', 'C91'),
(899, 'E157', 'M74', 'SM38', 'LM29', 'C29'),
(900, 'E446', 'M217', 'SM109', 'LM75', 'C75'),
-- Rows 901 onwards
(901, 'E283', 'M135', 'SM65', 'LM46', 'C46'),
(902, 'E69', 'M29', 'SM17', 'LM13', 'C13'),
(903, 'E399', 'M193', 'SM97', 'LM68', 'C68'),
(904, 'E276', 'M133', 'SM64', 'LM45', 'C45'),
(905, 'E577', 'M284', 'SM144', 'LM100', 'C100'),
(906, 'E334', 'M162', 'SM80', 'LM56', 'C56'),
(907, 'E469', 'M228', 'SM114', 'LM78', 'C78'),
(908, 'E72', 'M30', 'SM17', 'LM13', 'C13'),
(909, 'E312', 'M150', 'SM72', 'LM51', 'C51'),
(910, 'E534', 'M263', 'SM134', 'LM92', 'C92'),
(911, 'E99', 'M44', 'SM23', 'LM17', 'C17'),
(912, 'E335', 'M162', 'SM80', 'LM56', 'C56'),
(913, 'E535', 'M264', 'SM135', 'LM93', 'C93'),
(914, 'E539', 'M267', 'SM136', 'LM94', 'C94'),
(915, 'E288', 'M137', 'SM67', 'LM47', 'C47'),
(916, 'E445', 'M217', 'SM109', 'LM75', 'C75'),
(917, 'E22', 'M9', 'SM6', 'LM4', 'C4'),
(918, 'E449', 'M219', 'SM110', 'LM76', 'C76'),
(919, 'E240', 'M114', 'SM55', 'LM39', 'C39'),
(920, 'E218', 'M103', 'SM50', 'LM36', 'C36'),
(921, 'E345', 'M167', 'SM83', 'LM58', 'C58'),
(922, 'E375', 'M183', 'SM91', 'LM64', 'C64'),
(923, 'E252', 'M119', 'SM57', 'LM41', 'C41'),
(924, 'E302', 'M145', 'SM70', 'LM49', 'C49'),
(925, 'E301', 'M145', 'SM70', 'LM49', 'C49'),
(926, 'E289', 'M137', 'SM67', 'LM47', 'C47'),
(927, 'E346', 'M168', 'SM83', 'LM58', 'C58'),
(928, 'E158', 'M75', 'SM38', 'LM29', 'C29'),
(929, 'E124', 'M59', 'SM30', 'LM22', 'C22'),
(930, 'E509', 'M248', 'SM125', 'LM86', 'C86'),
(931, 'E505', 'M246', 'SM124', 'LM85', 'C85'),
(932, 'E27', 'M11', 'SM8', 'LM5', 'C5'),
(933, 'E221', 'M104', 'SM51', 'LM36', 'C36'),
(934, 'E224', 'M105', 'SM51', 'LM36', 'C36'),
(935, 'E413', 'M200', 'SM101', 'LM70', 'C70'),
(936, 'E529', 'M260', 'SM131', 'LM90', 'C90'),
(937, 'E256', 'M120', 'SM58', 'LM41', 'C41'),
(938, 'E381', 'M187', 'SM93', 'LM65', 'C65'),
(939, 'E478', 'M233', 'SM117', 'LM80', 'C80'),
(940, 'E142', 'M67', 'SM34', 'LM26', 'C26'),
(941, 'E549', 'M270', 'SM137', 'LM94', 'C94'),
(942, 'E302', 'M145', 'SM70', 'LM49', 'C49'),
(943, 'E18', 'M7', 'SM4', 'LM3', 'C3'),
(944, 'E433', 'M210', 'SM105', 'LM72', 'C72'),
(945, 'E504', 'M246', 'SM124', 'LM85', 'C85'),
-- Rows from 946 onwards
(946, 'E162', 'M76', 'SM38', 'LM29', 'C29'),
(947, 'E429', 'M208', 'SM104', 'LM72', 'C72'),
(948, 'E427', 'M208', 'SM104', 'LM72', 'C72'),
(949, 'E326', 'M158', 'SM77', 'LM54', 'C54'),
(950, 'E320', 'M153', 'SM74', 'LM52', 'C52'),
(951, 'E529', 'M260', 'SM131', 'LM90', 'C90'),
(952, 'E156', 'M73', 'SM37', 'LM28', 'C28'),
(953, 'E272', 'M130', 'SM63', 'LM44', 'C44'),
(954, 'E157', 'M74', 'SM38', 'LM29', 'C29'),
(955, 'E507', 'M247', 'SM125', 'LM86', 'C86'),
(956, 'E391', 'M190', 'SM94', 'LM66', 'C66'),
(957, 'E485', 'M235', 'SM118', 'LM81', 'C81'),
(958, 'E542', 'M268', 'SM136', 'LM94', 'C94'),
(959, 'E341', 'M165', 'SM82', 'LM58', 'C58'),
(960, 'E531', 'M262', 'SM133', 'LM91', 'C91'),
(961, 'E121', 'M58', 'SM29', 'LM21', 'C21'),
(962, 'E212', 'M99', 'SM49', 'LM35', 'C35'),
(963, 'E490', 'M237', 'SM119', 'LM82', 'C82'),
(964, 'E477', 'M232', 'SM116', 'LM79', 'C79'),
(965, 'E254', 'M120', 'SM58', 'LM41', 'C41'),
(966, 'E262', 'M124', 'SM59', 'LM42', 'C42'),
(967, 'E290', 'M138', 'SM67', 'LM47', 'C47'),
(968, 'E77', 'M32', 'SM18', 'LM13', 'C13'),
(969, 'E330', 'M160', 'SM78', 'LM55', 'C55'),
(970, 'E186', 'M86', 'SM44', 'LM33', 'C33'),
(971, 'E341', 'M165', 'SM82', 'LM58', 'C58'),
(972, 'E98', 'M43', 'SM23', 'LM17', 'C17'),
(973, 'E103', 'M46', 'SM24', 'LM18', 'C18'),
(974, 'E193', 'M89', 'SM45', 'LM33', 'C33'),
(975, 'E229', 'M108', 'SM52', 'LM37', 'C37'),
(976, 'E82', 'M34', 'SM19', 'LM14', 'C14'),
(977, 'E47', 'M19', 'SM12', 'LM9', 'C9'),
(978, 'E495', 'M241', 'SM121', 'LM83', 'C83'),
(979, 'E86', 'M37', 'SM20', 'LM15', 'C15'),
(980, 'E542', 'M268', 'SM136', 'LM94', 'C94'),
(981, 'E24', 'M10', 'SM7', 'LM5', 'C5'),
(982, 'E117', 'M57', 'SM29', 'LM21', 'C21'),
(983, 'E388', 'M189', 'SM94', 'LM66', 'C66'),
(984, 'E391', 'M190', 'SM94', 'LM66', 'C66'),
(985, 'E354', 'M171', 'SM85', 'LM60', 'C60'),
(986, 'E175', 'M81', 'SM42', 'LM32', 'C32'),
(987, 'E312', 'M150', 'SM72', 'LM51', 'C51'),
(988, 'E201', 'M95', 'SM47', 'LM34', 'C34'),
(989, 'E111', 'M51', 'SM27', 'LM19', 'C19'),
(990, 'E140', 'M66', 'SM33', 'LM25', 'C25'),
(991, 'E12', 'M4', 'SM2', 'LM1', 'C1'),
(992, 'E487', 'M236', 'SM118', 'LM81', 'C81'),
(993, 'E299', 'M144', 'SM70', 'LM49', 'C49'),
(994, 'E4', 'M2', 'SM1', 'LM1', 'C1'),
(995, 'E286', 'M136', 'SM66', 'LM46', 'C46'),
(996, 'E500', 'M244', 'SM123', 'LM85', 'C85'),
(997, 'E503', 'M245', 'SM124', 'LM85', 'C85'),
(998, 'E171', 'M80', 'SM41', 'LM31', 'C31'),
(999, 'E36', 'M14', 'SM9', 'LM6', 'C6'),
(1000, 'E79', 'M33', 'SM18', 'LM13', 'C13'),
-- Rows from 1001 to 1100 with changes to the 1st column
(1001, 'E167', 'M78', 'SM40', 'LM30', 'C30'),
(1002, 'E280', 'M134', 'SM65', 'LM46', 'C46'),
(1003, 'E448', 'M218', 'SM110', 'LM76', 'C76'),
(1004, 'E115', 'M55', 'SM28', 'LM20', 'C20'),
(1005, 'E547', 'M270', 'SM137', 'LM94', 'C94'),
(1006, 'E50', 'M20', 'SM13', 'LM10', 'C10'),
(1007, 'E220', 'M103', 'SM50', 'LM36', 'C36'),
(1008, 'E469', 'M228', 'SM114', 'LM78', 'C78'),
(1009, 'E108', 'M50', 'SM26', 'LM19', 'C19'),
(1010, 'E428', 'M208', 'SM104', 'LM72', 'C72'),
(1011, 'E104', 'M47', 'SM24', 'LM18', 'C18'),
(1012, 'E191', 'M88', 'SM45', 'LM33', 'C33'),
(1013, 'E166', 'M78', 'SM40', 'LM30', 'C30'),
(1014, 'E467', 'M226', 'SM113', 'LM77', 'C77'),
(1015, 'E135', 'M64', 'SM32', 'LM24', 'C24'),
(1016, 'E551', 'M272', 'SM138', 'LM95', 'C95'),
(1017, 'E209', 'M98', 'SM48', 'LM35', 'C35'),
(1018, 'E470', 'M229', 'SM115', 'LM78', 'C78'),
(1019, 'E431', 'M209', 'SM105', 'LM72', 'C72'),
(1020, 'E561', 'M278', 'SM141', 'LM98', 'C98'),
(1021, 'E61', 'M26', 'SM16', 'LM12', 'C12'),
(1022, 'E249', 'M117', 'SM56', 'LM40', 'C40'),
(1023, 'E77', 'M32', 'SM18', 'LM13', 'C13'),
(1024, 'E249', 'M117', 'SM56', 'LM40', 'C40'),
(1025, 'E572', 'M282', 'SM144', 'LM100', 'C100'),
(1026, 'E393', 'M191', 'SM95', 'LM66', 'C66'),
(1027, 'E188', 'M87', 'SM44', 'LM33', 'C33'),
(1028, 'E52', 'M22', 'SM14', 'LM11', 'C11'),
(1029, 'E129', 'M62', 'SM31', 'LM23', 'C23'),
(1030, 'E213', 'M100', 'SM49', 'LM35', 'C35'),
(1031, 'E299', 'M144', 'SM70', 'LM49', 'C49'),
(1032, 'E533', 'M263', 'SM134', 'LM92', 'C92'),
(1033, 'E290', 'M138', 'SM67', 'LM47', 'C47'),
(1034, 'E160', 'M75', 'SM38', 'LM29', 'C29'),
(1035, 'E224', 'M105', 'SM51', 'LM36', 'C36'),
(1036, 'E182', 'M85', 'SM44', 'LM33', 'C33'),
(1037, 'E422', 'M206', 'SM103', 'LM71', 'C71'),
(1038, 'E47', 'M19', 'SM12', 'LM9', 'C9'),
(1039, 'E18', 'M7', 'SM4', 'LM3', 'C3'),
(1040, 'E165', 'M77', 'SM39', 'LM29', 'C29'),
(1041, 'E475', 'M230', 'SM115', 'LM78', 'C78'),
(1042, 'E49', 'M20', 'SM13', 'LM10', 'C10'),
(1043, 'E406', 'M197', 'SM98', 'LM68', 'C68'),
(1044, 'E128', 'M61', 'SM30', 'LM22', 'C22'),
(1045, 'E409', 'M198', 'SM99', 'LM69', 'C69'),
(1046, 'E258', 'M122', 'SM59', 'LM42', 'C42'),
(1047, 'E138', 'M65', 'SM33', 'LM25', 'C25'),
(1048, 'E422', 'M206', 'SM103', 'LM71', 'C71'),
(1049, 'E14', 'M6', 'SM3', 'LM2', 'C2'),
(1050, 'E155', 'M73', 'SM37', 'LM28', 'C28'),
(1051, 'E255', 'M120', 'SM58', 'LM41', 'C41'),
(1052, 'E316', 'M151', 'SM73', 'LM51', 'C51'),
(1053, 'E96', 'M43', 'SM23', 'LM17', 'C17'),
(1054, 'E92', 'M41', 'SM21', 'LM16', 'C16'),
(1055, 'E403', 'M196', 'SM98', 'LM68', 'C68'),
(1056, 'E243', 'M115', 'SM55', 'LM39', 'C39'),
(1057, 'E467', 'M226', 'SM113', 'LM77', 'C77'),
(1058, 'E513', 'M250', 'SM126', 'LM87', 'C87'),
(1059, 'E296', 'M143', 'SM70', 'LM49', 'C49'),
(1060, 'E372', 'M181', 'SM90', 'LM63', 'C63'),
(1061, 'E276', 'M133', 'SM64', 'LM45', 'C45'),
(1062, 'E126', 'M60', 'SM30', 'LM22', 'C22'),
(1063, 'E412', 'M200', 'SM101', 'LM70', 'C70'),
(1064, 'E530', 'M261', 'SM132', 'LM91', 'C91'),
(1065, 'E102', 'M45', 'SM24', 'LM18', 'C18'),
(1066, 'E182', 'M85', 'SM44', 'LM33', 'C33'),
(1067, 'E105', 'M48', 'SM25', 'LM18', 'C18'),
(1068, 'E75', 'M31', 'SM18', 'LM13', 'C13'),
(1069, 'E78', 'M33', 'SM18', 'LM13', 'C13'),
(1070, 'E235', 'M111', 'SM54', 'LM38', 'C38'),
(1071, 'E51', 'M21', 'SM13', 'LM10', 'C10'),
(1072, 'E296', 'M143', 'SM70', 'LM49', 'C49'),
(1073, 'E185', 'M86', 'SM44', 'LM33', 'C33'),
(1074, 'E71', 'M30', 'SM17', 'LM13', 'C13'),
(1075, 'E164', 'M77', 'SM39', 'LM29', 'C29'),
(1076, 'E42', 'M16', 'SM11', 'LM8', 'C8'),
(1077, 'E152', 'M72', 'SM37', 'LM28', 'C28'),
(1078, 'E231', 'M108', 'SM52', 'LM37', 'C37'),
(1079, 'E164', 'M77', 'SM39', 'LM29', 'C29'),
(1080, 'E42', 'M16', 'SM11', 'LM8', 'C8'),
(1081, 'E280', 'M134', 'SM65', 'LM46', 'C46'),
(1082, 'E174', 'M81', 'SM42', 'LM32', 'C32'),
(1083, 'E7', 'M3', 'SM1', 'LM1', 'C1'),
(1084, 'E290', 'M138', 'SM67', 'LM47', 'C47'),
(1085, 'E96', 'M43', 'SM23', 'LM17', 'C17'),
(1086, 'E68', 'M29', 'SM17', 'LM13', 'C13'),
(1087, 'E413', 'M200', 'SM101', 'LM70', 'C70'),
(1088, 'E85', 'M36', 'SM19', 'LM14', 'C14'),
(1089, 'E142', 'M67', 'SM34', 'LM26', 'C26'),
(1090, 'E522', 'M256', 'SM129', 'LM89', 'C89'),
(1091, 'E251', 'M119', 'SM57', 'LM41', 'C41'),
(1092, 'E3', 'M1', 'SM1', 'LM1', 'C1'),
(1093, 'E63', 'M27', 'SM16', 'LM12', 'C12'),
(1094, 'E3', 'M1', 'SM1', 'LM1', 'C1'),
(1095, 'E337', 'M163', 'SM81', 'LM57', 'C57'),
(1096, 'E319', 'M152', 'SM73', 'LM51', 'C51'),
(1097, 'E502', 'M245', 'SM124', 'LM85', 'C85'),
(1098, 'E213', 'M100', 'SM49', 'LM35', 'C35'),
(1099, 'E63', 'M27', 'SM16', 'LM12', 'C12'),
(1100, 'E344', 'M167', 'SM83', 'LM58', 'C58'),
-- Rows from 1101 to 1200 with changes to the 1st column
(1101, 'E114', 'M54', 'SM28', 'LM20', 'C20'),
(1102, 'E272', 'M130', 'SM63', 'LM44', 'C44'),
(1103, 'E410', 'M199', 'SM100', 'LM70', 'C70'),
(1104, 'E94', 'M42', 'SM22', 'LM17', 'C17'),
(1105, 'E468', 'M227', 'SM113', 'LM77', 'C77'),
(1106, 'E567', 'M280', 'SM142', 'LM99', 'C99'),
(1107, 'E29', 'M12', 'SM8', 'LM5', 'C5'),
(1108, 'E7', 'M3', 'SM1', 'LM1', 'C1'),
(1109, 'E50', 'M20', 'SM13', 'LM10', 'C10'),
(1110, 'E211', 'M99', 'SM49', 'LM35', 'C35'),
(1111, 'E76', 'M32', 'SM18', 'LM13', 'C13'),
(1112, 'E194', 'M90', 'SM46', 'LM34', 'C34'),
(1113, 'E236', 'M112', 'SM54', 'LM38', 'C38'),
(1114, 'E6', 'M2', 'SM1', 'LM1', 'C1'),
(1115, 'E480', 'M234', 'SM118', 'LM81', 'C81'),
(1116, 'E125', 'M60', 'SM30', 'LM22', 'C22'),
(1117, 'E275', 'M132', 'SM63', 'LM44', 'C44'),
(1118, 'E552', 'M272', 'SM138', 'LM95', 'C95'),
(1119, 'E577', 'M284', 'SM144', 'LM100', 'C100'),
(1120, 'E213', 'M100', 'SM49', 'LM35', 'C35'),
(1121, 'E70', 'M30', 'SM17', 'LM13', 'C13'),
(1122, 'E151', 'M71', 'SM36', 'LM28', 'C28'),
(1123, 'E499', 'M243', 'SM123', 'LM85', 'C85'),
(1124, 'E385', 'M188', 'SM94', 'LM66', 'C66'),
(1125, 'E392', 'M190', 'SM94', 'LM66', 'C66'),
(1126, 'E281', 'M134', 'SM65', 'LM46', 'C46'),
(1127, 'E127', 'M60', 'SM30', 'LM22', 'C22'),
(1128, 'E422', 'M206', 'SM103', 'LM71', 'C71'),
(1129, 'E417', 'M203', 'SM102', 'LM71', 'C71'),
(1130, 'E181', 'M84', 'SM43', 'LM32', 'C32'),
(1131, 'E55', 'M23', 'SM15', 'LM12', 'C12'),
(1132, 'E96', 'M43', 'SM23', 'LM17', 'C17'),
(1133, 'E145', 'M68', 'SM35', 'LM27', 'C27'),
(1134, 'E122', 'M58', 'SM29', 'LM21', 'C21'),
(1135, 'E34', 'M13', 'SM9', 'LM6', 'C6'),
(1136, 'E178', 'M83', 'SM43', 'LM32', 'C32'),
(1137, 'E309', 'M149', 'SM72', 'LM51', 'C51'),
(1138, 'E310', 'M149', 'SM72', 'LM51', 'C51'),
(1139, 'E83', 'M34', 'SM19', 'LM14', 'C14'),
(1140, 'E183', 'M85', 'SM44', 'LM33', 'C33'),
(1141, 'E187', 'M86', 'SM44', 'LM33', 'C33'),
(1142, 'E521', 'M256', 'SM129', 'LM89', 'C89'),
(1143, 'E457', 'M222', 'SM111', 'LM76', 'C76'),
(1144, 'E209', 'M98', 'SM48', 'LM35', 'C35'),
(1145, 'E25', 'M10', 'SM7', 'LM5', 'C5'),
(1146, 'E169', 'M79', 'SM40', 'LM30', 'C30'),
(1147, 'E118', 'M57', 'SM29', 'LM21', 'C21'),
(1148, 'E538', 'M266', 'SM136', 'LM94', 'C94'),
(1149, 'E107', 'M50', 'SM26', 'LM19', 'C19'),
(1150, 'E470', 'M229', 'SM115', 'LM78', 'C78'),
(1151, 'E354', 'M171', 'SM85', 'LM60', 'C60'),
(1152, 'E491', 'M238', 'SM119', 'LM82', 'C82'),
(1153, 'E64', 'M27', 'SM16', 'LM12', 'C12'),
(1154, 'E539', 'M267', 'SM136', 'LM94', 'C94'),
(1155, 'E17', 'M7', 'SM4', 'LM3', 'C3'),
(1156, 'E475', 'M230', 'SM115', 'LM78', 'C78'),
(1157, 'E163', 'M76', 'SM38', 'LM29', 'C29'),
(1158, 'E315', 'M151', 'SM73', 'LM51', 'C51'),
(1159, 'E125', 'M60', 'SM30', 'LM22', 'C22'),
(1160, 'E502', 'M245', 'SM124', 'LM85', 'C85'),
(1161, 'E456', 'M221', 'SM111', 'LM76', 'C76'),
(1162, 'E311', 'M150', 'SM72', 'LM51', 'C51'),
(1163, 'E284', 'M135', 'SM65', 'LM46', 'C46'),
(1164, 'E234', 'M110', 'SM54', 'LM38', 'C38'),
(1165, 'E271', 'M129', 'SM62', 'LM43', 'C43'),
(1166, 'E475', 'M230', 'SM115', 'LM78', 'C78'),
(1167, 'E363', 'M176', 'SM88', 'LM62', 'C62'),
(1168, 'E433', 'M210', 'SM105', 'LM72', 'C72'),
(1169, 'E287', 'M136', 'SM66', 'LM46', 'C46'),
(1170, 'E217', 'M102', 'SM50', 'LM36', 'C36'),
(1171, 'E431', 'M209', 'SM105', 'LM72', 'C72'),
(1172, 'E170', 'M79', 'SM40', 'LM30', 'C30'),
(1173, 'E268', 'M127', 'SM61', 'LM43', 'C43'),
(1174, 'E323', 'M156', 'SM76', 'LM54', 'C54'),
(1175, 'E529', 'M260', 'SM131', 'LM90', 'C90'),
(1176, 'E333', 'M162', 'SM80', 'LM56', 'C56'),
(1177, 'E340', 'M164', 'SM81', 'LM57', 'C57'),
(1178, 'E291', 'M139', 'SM68', 'LM47', 'C47'),
(1179, 'E159', 'M75', 'SM38', 'LM29', 'C29'),
(1180, 'E62', 'M26', 'SM16', 'LM12', 'C12'),
(1181, 'E390', 'M190', 'SM94', 'LM66', 'C66'),
(1182, 'E219', 'M103', 'SM50', 'LM36', 'C36'),
(1183, 'E578', 'M284', 'SM144', 'LM100', 'C100'),
(1184, 'E517', 'M253', 'SM128', 'LM88', 'C88'),
(1185, 'E551', 'M272', 'SM138', 'LM95', 'C95'),
(1186, 'E273', 'M130', 'SM63', 'LM44', 'C44'),
(1187, 'E459', 'M223', 'SM112', 'LM77', 'C77'),
(1188, 'E196', 'M91', 'SM46', 'LM34', 'C34'),
(1189, 'E279', 'M134', 'SM65', 'LM46', 'C46'),
(1190, 'E230', 'M108', 'SM52', 'LM37', 'C37'),
(1191, 'E223', 'M105', 'SM51', 'LM36', 'C36'),
(1192, 'E497', 'M242', 'SM122', 'LM84', 'C84'),
(1193, 'E538', 'M266', 'SM136', 'LM94', 'C94'),
(1194, 'E144', 'M67', 'SM34', 'LM26', 'C26'),
(1195, 'E464', 'M224', 'SM112', 'LM77', 'C77'),
(1196, 'E314', 'M151', 'SM73', 'LM51', 'C51'),
(1197, 'E10', 'M4', 'SM2', 'LM1', 'C1'),
(1198, 'E466', 'M225', 'SM112', 'LM77', 'C77'),
(1199, 'E309', 'M149', 'SM72', 'LM51', 'C51'),
(1200, 'E335', 'M162', 'SM80', 'LM56', 'C56'),
-- Rows from 1201 to 1300
(1201, 'E495', 'M241', 'SM121', 'LM83', 'C83'),
(1202, 'E385', 'M188', 'SM94', 'LM66', 'C66'),
(1203, 'E160', 'M75', 'SM38', 'LM29', 'C29'),
(1204, 'E295', 'M143', 'SM70', 'LM49', 'C49'),
(1205, 'E7', 'M3', 'SM1', 'LM1', 'C1'),
(1206, 'E316', 'M151', 'SM73', 'LM51', 'C51'),
(1207, 'E530', 'M261', 'SM132', 'LM91', 'C91'),
(1208, 'E386', 'M188', 'SM94', 'LM66', 'C66'),
(1209, 'E285', 'M136', 'SM66', 'LM46', 'C46'),
(1210, 'E327', 'M158', 'SM77', 'LM54', 'C54'),
(1211, 'E216', 'M102', 'SM50', 'LM36', 'C36'),
(1212, 'E409', 'M198', 'SM99', 'LM69', 'C69'),
(1213, 'E223', 'M105', 'SM51', 'LM36', 'C36'),
(1214, 'E77', 'M32', 'SM18', 'LM13', 'C13'),
(1215, 'E519', 'M254', 'SM128', 'LM88', 'C88'),
(1216, 'E214', 'M101', 'SM49', 'LM35', 'C35'),
(1217, 'E318', 'M152', 'SM73', 'LM51', 'C51'),
(1218, 'E291', 'M139', 'SM68', 'LM47', 'C47'),
(1219, 'E525', 'M257', 'SM129', 'LM89', 'C89'),
(1220, 'E138', 'M65', 'SM33', 'LM25', 'C25'),
(1221, 'E48', 'M19', 'SM12', 'LM9', 'C9'),
(1222, 'E521', 'M256', 'SM129', 'LM89', 'C89'),
(1223, 'E240', 'M114', 'SM55', 'LM39', 'C39'),
(1224, 'E492', 'M239', 'SM120', 'LM83', 'C83'),
(1225, 'E46', 'M18', 'SM12', 'LM9', 'C9'),
(1226, 'E546', 'M269', 'SM137', 'LM94', 'C94'),
(1227, 'E465', 'M225', 'SM112', 'LM77', 'C77'),
(1228, 'E453', 'M220', 'SM111', 'LM76', 'C76'),
(1229, 'E94', 'M42', 'SM22', 'LM17', 'C17'),
(1230, 'E442', 'M215', 'SM108', 'LM74', 'C74'),
(1231, 'E319', 'M152', 'SM73', 'LM51', 'C51'),
(1232, 'E503', 'M245', 'SM124', 'LM85', 'C85'),
(1233, 'E204', 'M96', 'SM48', 'LM35', 'C35'),
(1234, 'E454', 'M220', 'SM111', 'LM76', 'C76'),
(1235, 'E477', 'M232', 'SM116', 'LM79', 'C79'),
(1236, 'E97', 'M43', 'SM23', 'LM17', 'C17'),
(1237, 'E229', 'M108', 'SM52', 'LM37', 'C37'),
(1238, 'E53', 'M23', 'SM15', 'LM12', 'C12'),
(1239, 'E271', 'M129', 'SM62', 'LM43', 'C43'),
(1240, 'E71', 'M30', 'SM17', 'LM13', 'C13'),
(1241, 'E8', 'M3', 'SM1', 'LM1', 'C1'),
(1242, 'E67', 'M29', 'SM17', 'LM13', 'C13'),
(1243, 'E292', 'M140', 'SM69', 'LM48', 'C48'),
(1244, 'E550', 'M271', 'SM138', 'LM95', 'C95'),
(1245, 'E340', 'M164', 'SM81', 'LM57', 'C57'),
(1246, 'E439', 'M214', 'SM107', 'LM74', 'C74'),
(1247, 'E493', 'M240', 'SM120', 'LM83', 'C83'),
(1248, 'E259', 'M123', 'SM59', 'LM42', 'C42'),
(1249, 'E284', 'M135', 'SM65', 'LM46', 'C46'),
(1250, 'E292', 'M140', 'SM69', 'LM48', 'C48'),
(1251, 'E35', 'M14', 'SM9', 'LM6', 'C6'),
(1252, 'E547', 'M270', 'SM137', 'LM94', 'C94'),
(1253, 'E29', 'M12', 'SM8', 'LM5', 'C5'),
(1254, 'E6', 'M2', 'SM1', 'LM1', 'C1'),
(1255, 'E119', 'M57', 'SM29', 'LM21', 'C21'),
(1256, 'E222', 'M104', 'SM51', 'LM36', 'C36'),
(1257, 'E48', 'M19', 'SM12', 'LM9', 'C9'),
(1258, 'E516', 'M252', 'SM127', 'LM87', 'C87'),
(1259, 'E222', 'M104', 'SM51', 'LM36', 'C36'),
(1260, 'E161', 'M76', 'SM38', 'LM29', 'C29'),
(1261, 'E97', 'M43', 'SM23', 'LM17', 'C17'),
(1262, 'E89', 'M39', 'SM21', 'LM16', 'C16'),
(1263, 'E438', 'M213', 'SM107', 'LM74', 'C74'),
(1264, 'E562', 'M278', 'SM141', 'LM98', 'C98'),
(1265, 'E39', 'M15', 'SM10', 'LM7', 'C7'),
(1266, 'E185', 'M86', 'SM44', 'LM33', 'C33'),
(1267, 'E175', 'M81', 'SM42', 'LM32', 'C32'),
(1268, 'E496', 'M242', 'SM122', 'LM84', 'C84'),
(1269, 'E218', 'M103', 'SM50', 'LM36', 'C36'),
(1270, 'E199', 'M93', 'SM47', 'LM34', 'C34'),
(1271, 'E426', 'M207', 'SM103', 'LM71', 'C71'),
(1272, 'E406', 'M197', 'SM98', 'LM68', 'C68'),
(1273, 'E129', 'M62', 'SM31', 'LM23', 'C23'),
(1274, 'E329', 'M159', 'SM77', 'LM54', 'C54'),
(1275, 'E368', 'M179', 'SM89', 'LM63', 'C63'),
(1276, 'E303', 'M146', 'SM71', 'LM50', 'C50'),
(1277, 'E102', 'M45', 'SM24', 'LM18', 'C18'),
(1278, 'E51', 'M21', 'SM13', 'LM10', 'C10'),
(1279, 'E565', 'M279', 'SM142', 'LM99', 'C99'),
(1280, 'E304', 'M146', 'SM71', 'LM50', 'C50'),
(1281, 'E134', 'M64', 'SM32', 'LM24', 'C24'),
(1282, 'E308', 'M148', 'SM72', 'LM51', 'C51'),
(1283, 'E276', 'M133', 'SM64', 'LM45', 'C45'),
(1284, 'E336', 'M163', 'SM81', 'LM57', 'C57'),
(1285, 'E93', 'M41', 'SM21', 'LM16', 'C16'),
(1286, 'E484', 'M235', 'SM118', 'LM81', 'C81'),
(1287, 'E213', 'M100', 'SM49', 'LM35', 'C35'),
(1288, 'E209', 'M98', 'SM48', 'LM35', 'C35'),
(1289, 'E268', 'M127', 'SM61', 'LM43', 'C43'),
(1290, 'E14', 'M6', 'SM3', 'LM2', 'C2'),
(1291, 'E466', 'M225', 'SM112', 'LM77', 'C77'),
(1292, 'E278', 'M133', 'SM64', 'LM45', 'C45'),
(1293, 'E235', 'M111', 'SM54', 'LM38', 'C38'),
(1294, 'E452', 'M220', 'SM111', 'LM76', 'C76'),
(1295, 'E531', 'M262', 'SM133', 'LM91', 'C91'),
(1296, 'E116', 'M56', 'SM29', 'LM21', 'C21'),
(1297, 'E211', 'M99', 'SM49', 'LM35', 'C35'),
(1298, 'E440', 'M214', 'SM107', 'LM74', 'C74'),
(1299, 'E210', 'M98', 'SM48', 'LM35', 'C35'),
(1300, 'E41', 'M16', 'SM11', 'LM8', 'C8'),
-- Rows from 1301 to 1341
(1301, 'E305', 'M147', 'SM71', 'LM50', 'C50'),
(1302, 'E243', 'M115', 'SM55', 'LM39', 'C39'),
(1303, 'E32', 'M13', 'SM9', 'LM6', 'C6'),
(1304, 'E259', 'M123', 'SM59', 'LM42', 'C42'),
(1305, 'E445', 'M217', 'SM109', 'LM75', 'C75'),
(1306, 'E73', 'M31', 'SM18', 'LM13', 'C13'),
(1307, 'E437', 'M212', 'SM107', 'LM74', 'C74'),
(1308, 'E232', 'M109', 'SM53', 'LM38', 'C38'),
(1309, 'E67', 'M29', 'SM17', 'LM13', 'C13'),
(1310, 'E243', 'M115', 'SM55', 'LM39', 'C39'),
(1311, 'E26', 'M11', 'SM8', 'LM5', 'C5'),
(1312, 'E112', 'M52', 'SM27', 'LM19', 'C19'),
(1313, 'E378', 'M185', 'SM93', 'LM65', 'C65'),
(1314, 'E472', 'M229', 'SM115', 'LM78', 'C78'),
(1315, 'E552', 'M272', 'SM138', 'LM95', 'C95'),
(1316, 'E314', 'M151', 'SM73', 'LM51', 'C51'),
(1317, 'E31', 'M12', 'SM8', 'LM5', 'C5'),
(1318, 'E149', 'M70', 'SM36', 'LM28', 'C28'),
(1319, 'E520', 'M255', 'SM129', 'LM89', 'C89'),
(1320, 'E383', 'M187', 'SM93', 'LM65', 'C65'),
(1321, 'E469', 'M228', 'SM114', 'LM78', 'C78'),
(1322, 'E60', 'M25', 'SM15', 'LM12', 'C12'),
(1323, 'E483', 'M235', 'SM118', 'LM81', 'C81'),
(1324, 'E515', 'M252', 'SM127', 'LM87', 'C87'),
(1325, 'E376', 'M184', 'SM92', 'LM65', 'C65'),
(1326, 'E134', 'M64', 'SM32', 'LM24', 'C24'),
(1327, 'E15', 'M6', 'SM3', 'LM2', 'C2'),
(1328, 'E439', 'M214', 'SM107', 'LM74', 'C74'),
(1329, 'E445', 'M217', 'SM109', 'LM75', 'C75'),
(1330, 'E16', 'M6', 'SM3', 'LM2', 'C2'),
(1331, 'E119', 'M57', 'SM29', 'LM21', 'C21'),
(1332, 'E278', 'M133', 'SM64', 'LM45', 'C45'),
(1333, 'E124', 'M59', 'SM30', 'LM22', 'C22'),
(1334, 'E160', 'M75', 'SM38', 'LM29', 'C29'),
(1335, 'E137', 'M65', 'SM33', 'LM25', 'C25'),
(1336, 'E42', 'M16', 'SM11', 'LM8', 'C8'),
(1337, 'E37', 'M14', 'SM9', 'LM6', 'C6'),
(1338, 'E393', 'M191', 'SM95', 'LM66', 'C66'),
(1339, 'E423', 'M206', 'SM103', 'LM71', 'C71'),
(1340, 'E475', 'M230', 'SM115', 'LM78', 'C78'),
(1341, 'E43', 'M17', 'SM12', 'LM9', 'C9'),
-- Rows from 1342 to 1382
(1342, 'E344', 'M167', 'SM83', 'LM58', 'C58'),
(1343, 'E324', 'M157', 'SM77', 'LM54', 'C54'),
(1344, 'E302', 'M145', 'SM70', 'LM49', 'C49'),
(1345, 'E355', 'M172', 'SM86', 'LM61', 'C61'),
(1346, 'E218', 'M103', 'SM50', 'LM36', 'C36'),
(1347, 'E268', 'M127', 'SM61', 'LM43', 'C43'),
(1348, 'E97', 'M43', 'SM23', 'LM17', 'C17'),
(1349, 'E33', 'M13', 'SM9', 'LM6', 'C6'),
(1350, 'E424', 'M206', 'SM103', 'LM71', 'C71'),
(1351, 'E118', 'M57', 'SM29', 'LM21', 'C21'),
(1352, 'E190', 'M88', 'SM45', 'LM33', 'C33'),
(1353, 'E551', 'M272', 'SM138', 'LM95', 'C95'),
(1354, 'E286', 'M136', 'SM66', 'LM46', 'C46'),
(1355, 'E200', 'M94', 'SM47', 'LM34', 'C34'),
(1356, 'E420', 'M205', 'SM103', 'LM71', 'C71'),
(1357, 'E148', 'M69', 'SM36', 'LM28', 'C28'),
(1358, 'E414', 'M201', 'SM101', 'LM70', 'C70'),
(1359, 'E551', 'M272', 'SM138', 'LM95', 'C95'),
(1360, 'E346', 'M168', 'SM83', 'LM58', 'C58'),
(1361, 'E541', 'M267', 'SM136', 'LM94', 'C94'),
(1362, 'E393', 'M191', 'SM95', 'LM66', 'C66'),
(1363, 'E367', 'M178', 'SM89', 'LM63', 'C63'),
(1364, 'E134', 'M64', 'SM32', 'LM24', 'C24'),
(1365, 'E173', 'M80', 'SM41', 'LM31', 'C31'),
(1366, 'E440', 'M214', 'SM107', 'LM74', 'C74'),
(1367, 'E142', 'M67', 'SM34', 'LM26', 'C26'),
(1368, 'E266', 'M126', 'SM61', 'LM43', 'C43'),
(1369, 'E555', 'M274', 'SM139', 'LM96', 'C96'),
(1370, 'E357', 'M173', 'SM87', 'LM62', 'C62'),
(1371, 'E45', 'M18', 'SM12', 'LM9', 'C9'),
(1372, 'E544', 'M269', 'SM137', 'LM94', 'C94'),
(1373, 'E548', 'M270', 'SM137', 'LM94', 'C94'),
(1374, 'E391', 'M190', 'SM94', 'LM66', 'C66'),
(1375, 'E202', 'M95', 'SM47', 'LM34', 'C34'),
(1376, 'E32', 'M13', 'SM9', 'LM6', 'C6'),
(1377, 'E194', 'M90', 'SM46', 'LM34', 'C34'),
(1378, 'E25', 'M10', 'SM7', 'LM5', 'C5'),
(1379, 'E415', 'M202', 'SM101', 'LM70', 'C70'),
(1380, 'E6', 'M2', 'SM1', 'LM1', 'C1'),
(1381, 'E198', 'M92', 'SM46', 'LM34', 'C34'),
(1382, 'E266', 'M126', 'SM61', 'LM43', 'C43'),
(1383, 'E447', 'M218', 'SM110', 'LM76', 'C76'),
(1384, 'E384', 'M188', 'SM94', 'LM66', 'C66'),
(1385, 'E43', 'M17', 'SM12', 'LM9', 'C9'),
(1386, 'E183', 'M85', 'SM44', 'LM33', 'C33'),
(1387, 'E555', 'M274', 'SM139', 'LM96', 'C96'),
(1388, 'E165', 'M77', 'SM39', 'LM29', 'C29'),
(1389, 'E189', 'M88', 'SM45', 'LM33', 'C33'),
(1390, 'E147', 'M68', 'SM35', 'LM27', 'C27'),
(1391, 'E184', 'M85', 'SM44', 'LM33', 'C33'),
(1392, 'E374', 'M183', 'SM91', 'LM64', 'C64'),
(1393, 'E80', 'M33', 'SM18', 'LM13', 'C13'),
(1394, 'E507', 'M247', 'SM125', 'LM86', 'C86'),
(1395, 'E365', 'M177', 'SM88', 'LM62', 'C62'),
(1396, 'E36', 'M14', 'SM9', 'LM6', 'C6'),
(1397, 'E101', 'M45', 'SM24', 'LM18', 'C18'),
(1398, 'E183', 'M85', 'SM44', 'LM33', 'C33'),
(1399, 'E508', 'M248', 'SM125', 'LM86', 'C86'),
(1400, 'E201', 'M95', 'SM47', 'LM34', 'C34'),
(1401, 'E169', 'M79', 'SM40', 'LM30', 'C30'),
(1402, 'E565', 'M279', 'SM142', 'LM99', 'C99'),
(1403, 'E44', 'M17', 'SM12', 'LM9', 'C9'),
(1404, 'E251', 'M119', 'SM57', 'LM41', 'C41'),
(1405, 'E392', 'M190', 'SM94', 'LM66', 'C66'),
(1406, 'E477', 'M232', 'SM116', 'LM79', 'C79'),
(1407, 'E430', 'M209', 'SM105', 'LM72', 'C72'),
(1408, 'E294', 'M142', 'SM69', 'LM48', 'C48'),
(1409, 'E317', 'M152', 'SM73', 'LM51', 'C51'),
(1410, 'E312', 'M150', 'SM72', 'LM51', 'C51'),
(1411, 'E206', 'M97', 'SM48', 'LM35', 'C35'),
(1412, 'E115', 'M55', 'SM28', 'LM20', 'C20'),
(1413, 'E183', 'M85', 'SM44', 'LM33', 'C33'),
(1414, 'E129', 'M62', 'SM31', 'LM23', 'C23'),
(1415, 'E512', 'M250', 'SM126', 'LM87', 'C87'),
(1416, 'E68', 'M29', 'SM17', 'LM13', 'C13'),
(1417, 'E224', 'M105', 'SM51', 'LM36', 'C36'),
(1418, 'E14', 'M6', 'SM3', 'LM2', 'C2'),
(1419, 'E169', 'M79', 'SM40', 'LM30', 'C30'),
(1420, 'E215', 'M101', 'SM49', 'LM35', 'C35'),
(1421, 'E289', 'M137', 'SM67', 'LM47', 'C47'),
(1422, 'E331', 'M161', 'SM79', 'LM55', 'C55'),
(1423, 'E127', 'M60', 'SM30', 'LM22', 'C22'),
(1424, 'E239', 'M113', 'SM55', 'LM39', 'C39'),
(1425, 'E344', 'M167', 'SM83', 'LM58', 'C58'),
(1426, 'E214', 'M101', 'SM49', 'LM35', 'C35'),
(1427, 'E208', 'M98', 'SM48', 'LM35', 'C35'),
(1428, 'E347', 'M168', 'SM83', 'LM58', 'C58'),
(1429, 'E273', 'M130', 'SM63', 'LM44', 'C44'),
(1430, 'E427', 'M208', 'SM104', 'LM72', 'C72'),
(1431, 'E312', 'M150', 'SM72', 'LM51', 'C51'),
(1432, 'E33', 'M13', 'SM9', 'LM6', 'C6'),
(1433, 'E255', 'M120', 'SM58', 'LM41', 'C41'),
(1434, 'E524', 'M257', 'SM129', 'LM89', 'C89'),
(1435, 'E248', 'M117', 'SM56', 'LM40', 'C40'),
(1436, 'E520', 'M255', 'SM129', 'LM89', 'C89'),
(1437, 'E46', 'M18', 'SM12', 'LM9', 'C9'),
(1438, 'E477', 'M232', 'SM116', 'LM79', 'C79'),
(1439, 'E357', 'M173', 'SM87', 'LM62', 'C62'),
(1440, 'E229', 'M108', 'SM52', 'LM37', 'C37'),
(1441, 'E67', 'M29', 'SM17', 'LM13', 'C13'),
(1442, 'E79', 'M33', 'SM18', 'LM13', 'C13'),
(1443, 'E297', 'M143', 'SM70', 'LM49', 'C49'),
(1444, 'E432', 'M209', 'SM105', 'LM72', 'C72'),
(1445, 'E576', 'M283', 'SM144', 'LM100', 'C100'),
(1446, 'E317', 'M152', 'SM73', 'LM51', 'C51'),
(1447, 'E433', 'M210', 'SM105', 'LM72', 'C72'),
(1448, 'E237', 'M112', 'SM54', 'LM38', 'C38'),
(1449, 'E382', 'M187', 'SM93', 'LM65', 'C65'),
(1450, 'E485', 'M235', 'SM118', 'LM81', 'C81'),
(1451, 'E100', 'M44', 'SM23', 'LM17', 'C17'),
(1452, 'E299', 'M144', 'SM70', 'LM49', 'C49'),
(1453, 'E436', 'M212', 'SM107', 'LM74', 'C74'),
(1454, 'E62', 'M26', 'SM16', 'LM12', 'C12'),
(1455, 'E380', 'M186', 'SM93', 'LM65', 'C65'),
(1456, 'E247', 'M117', 'SM56', 'LM40', 'C40'),
(1457, 'E279', 'M134', 'SM65', 'LM46', 'C46'),
(1458, 'E352', 'M170', 'SM84', 'LM59', 'C59'),
(1459, 'E53', 'M23', 'SM15', 'LM12', 'C12'),
(1460, 'E370', 'M181', 'SM90', 'LM63', 'C63'),
(1461, 'E322', 'M155', 'SM75', 'LM53', 'C53'),
(1462, 'E94', 'M42', 'SM22', 'LM17', 'C17'),
(1463, 'E406', 'M197', 'SM98', 'LM68', 'C68'),
(1464, 'E67', 'M29', 'SM17', 'LM13', 'C13'),
(1465, 'E571', 'M282', 'SM144', 'LM100', 'C100'),
(1466, 'E501', 'M244', 'SM123', 'LM85', 'C85'),
(1467, 'E423', 'M206', 'SM103', 'LM71', 'C71'),
(1468, 'E380', 'M186', 'SM93', 'LM65', 'C65'),
(1469, 'E420', 'M205', 'SM103', 'LM71', 'C71'),
(1470, 'E477', 'M232', 'SM116', 'LM79', 'C79'),
(1471, 'E5', 'M2', 'SM1', 'LM1', 'C1'),
(1472, 'E93', 'M41', 'SM21', 'LM16', 'C16'),
(1473, 'E450', 'M219', 'SM110', 'LM76', 'C76'),
(1474, 'E274', 'M131', 'SM63', 'LM44', 'C44'),
(1475, 'E456', 'M221', 'SM111', 'LM76', 'C76'),
(1476, 'E428', 'M208', 'SM104', 'LM72', 'C72'),
(1477, 'E236', 'M112', 'SM54', 'LM38', 'C38'),
(1478, 'E524', 'M257', 'SM129', 'LM89', 'C89'),
(1479, 'E352', 'M170', 'SM84', 'LM59', 'C59'),
(1480, 'E370', 'M181', 'SM90', 'LM63', 'C63'),
(1481, 'E322', 'M155', 'SM75', 'LM53', 'C53'),
(1482, 'E94', 'M42', 'SM22', 'LM17', 'C17'),
(1483, 'E406', 'M197', 'SM98', 'LM68', 'C68'),
(1484, 'E67', 'M29', 'SM17', 'LM13', 'C13'),
(1485, 'E571', 'M282', 'SM144', 'LM100', 'C100'),
(1486, 'E501', 'M244', 'SM123', 'LM85', 'C85'),
(1487, 'E423', 'M206', 'SM103', 'LM71', 'C71'),
(1488, 'E380', 'M186', 'SM93', 'LM65', 'C65'),
(1489, 'E420', 'M205', 'SM103', 'LM71', 'C71'),
(1490, 'E477', 'M232', 'SM116', 'LM79', 'C79'),
(1491, 'E5', 'M2', 'SM1', 'LM1', 'C1'),
(1492, 'E93', 'M41', 'SM21', 'LM16', 'C16'),
(1493, 'E450', 'M219', 'SM110', 'LM76', 'C76'),
(1494, 'E274', 'M131', 'SM63', 'LM44', 'C44'),
(1495, 'E456', 'M221', 'SM111', 'LM76', 'C76'),
(1496, 'E428', 'M208', 'SM104', 'LM72', 'C72'),
(1497, 'E236', 'M112', 'SM54', 'LM38', 'C38'),
(1498, 'E524', 'M257', 'SM129', 'LM89', 'C89'),
(1499, 'E352', 'M170', 'SM84', 'LM59', 'C59'),
(1500, 'E370', 'M181', 'SM90', 'LM63', 'C63'),
(1501, 'E434', 'M211', 'SM106', 'LM73', 'C73'),
(1502, 'E564', 'M279', 'SM142', 'LM99', 'C99'),
(1503, 'E28', 'M11', 'SM8', 'LM5', 'C5'),
(1504, 'E174', 'M81', 'SM42', 'LM32', 'C32'),
(1505, 'E398', 'M193', 'SM97', 'LM68', 'C68'),
(1506, 'E61', 'M26', 'SM16', 'LM12', 'C12'),
(1507, 'E163', 'M76', 'SM38', 'LM29', 'C29'),
(1508, 'E332', 'M161', 'SM79', 'LM55', 'C55'),
(1509, 'E148', 'M69', 'SM36', 'LM28', 'C28'),
(1510, 'E176', 'M82', 'SM43', 'LM32', 'C32'),
(1511, 'E295', 'M143', 'SM70', 'LM49', 'C49'),
(1512, 'E141', 'M66', 'SM33', 'LM25', 'C25'),
(1513, 'E118', 'M57', 'SM29', 'LM21', 'C21'),
(1514, 'E115', 'M55', 'SM28', 'LM20', 'C20'),
(1515, 'E407', 'M198', 'SM99', 'LM69', 'C69'),
(1516, 'E561', 'M278', 'SM141', 'LM98', 'C98'),
(1517, 'E83', 'M34', 'SM19', 'LM14', 'C14'),
(1518, 'E105', 'M48', 'SM25', 'LM18', 'C18'),
(1519, 'E77', 'M32', 'SM18', 'LM13', 'C13'),
(1520, 'E465', 'M225', 'SM112', 'LM77', 'C77'),
(1521, 'E59', 'M25', 'SM15', 'LM12', 'C12'),
(1522, 'E317', 'M152', 'SM73', 'LM51', 'C51'),
(1523, 'E96', 'M43', 'SM23', 'LM17', 'C17'),
(1524, 'E372', 'M181', 'SM90', 'LM63', 'C63'),
(1525, 'E165', 'M77', 'SM39', 'LM29', 'C29'),
(1526, 'E411', 'M200', 'SM101', 'LM70', 'C70'),
(1527, 'E529', 'M260', 'SM131', 'LM90', 'C90'),
(1528, 'E29', 'M12', 'SM8', 'LM5', 'C5'),
(1529, 'E426', 'M207', 'SM103', 'LM71', 'C71'),
(1530, 'E544', 'M269', 'SM137', 'LM94', 'C94'),
(1531, 'E231', 'M108', 'SM52', 'LM37', 'C37'),
(1532, 'E116', 'M56', 'SM29', 'LM21', 'C21'),
(1533, 'E561', 'M278', 'SM141', 'LM98', 'C98'),
(1534, 'E79', 'M33', 'SM18', 'LM13', 'C13'),
(1535, 'E65', 'M28', 'SM16', 'LM12', 'C12'),
(1536, 'E574', 'M283', 'SM144', 'LM100', 'C100'),
(1537, 'E526', 'M258', 'SM130', 'LM89', 'C89'),
(1538, 'E348', 'M168', 'SM83', 'LM58', 'C58'),
(1539, 'E83', 'M34', 'SM19', 'LM14', 'C14'),
(1540, 'E511', 'M249', 'SM125', 'LM86', 'C86'),
(1541, 'E103', 'M46', 'SM24', 'LM18', 'C18'),
(1542, 'E281', 'M134', 'SM65', 'LM46', 'C46'),
(1543, 'E130', 'M62', 'SM31', 'LM23', 'C23'),
(1544, 'E212', 'M99', 'SM49', 'LM35', 'C35'),
(1545, 'E176', 'M82', 'SM43', 'LM32', 'C32'),
(1546, 'E189', 'M88', 'SM45', 'LM33', 'C33'),
(1547, 'E210', 'M98', 'SM48', 'LM35', 'C35'),
(1548, 'E565', 'M279', 'SM142', 'LM99', 'C99'),
(1549, 'E276', 'M133', 'SM64', 'LM45', 'C45'),
(1550, 'E100', 'M44', 'SM23', 'LM17', 'C17'),
(1551, 'E13', 'M5', 'SM2', 'LM1', 'C1'),
(1552, 'E477', 'M232', 'SM116', 'LM79', 'C79'),
(1553, 'E153', 'M72', 'SM37', 'LM28', 'C28'),
(1554, 'E500', 'M244', 'SM123', 'LM85', 'C85'),
(1555, 'E543', 'M268', 'SM136', 'LM94', 'C94'),
(1556, 'E52', 'M22', 'SM14', 'LM11', 'C11'),
(1557, 'E380', 'M186', 'SM93', 'LM65', 'C65'),
(1558, 'E517', 'M253', 'SM128', 'LM88', 'C88'),
(1559, 'E433', 'M210', 'SM105', 'LM72', 'C72'),
(1560, 'E20', 'M8', 'SM5', 'LM3', 'C3'),
(1561, 'E442', 'M215', 'SM108', 'LM74', 'C74'),
(1562, 'E290', 'M138', 'SM67', 'LM47', 'C47'),
(1563, 'E98', 'M43', 'SM23', 'LM17', 'C17'),
(1564, 'E17', 'M7', 'SM4', 'LM3', 'C3'),
(1565, 'E571', 'M282', 'SM144', 'LM100', 'C100'),
(1566, 'E135', 'M64', 'SM32', 'LM24', 'C24'),
(1567, 'E234', 'M110', 'SM54', 'LM38', 'C38'),
(1568, 'E211', 'M99', 'SM49', 'LM35', 'C35'),
(1569, 'E174', 'M81', 'SM42', 'LM32', 'C32'),
(1570, 'E506', 'M246', 'SM124', 'LM85', 'C85'),
(1571, 'E461', 'M223', 'SM112', 'LM77', 'C77'),
(1572, 'E128', 'M61', 'SM30', 'LM22', 'C22'),
(1573, 'E563', 'M279', 'SM142', 'LM99', 'C99'),
(1574, 'E238', 'M113', 'SM55', 'LM39', 'C39'),
(1575, 'E332', 'M161', 'SM79', 'LM55', 'C55'),
(1576, 'E330', 'M160', 'SM78', 'LM55', 'C55'),
(1577, 'E163', 'M76', 'SM38', 'LM29', 'C29'),
(1578, 'E198', 'M92', 'SM46', 'LM34', 'C34'),
(1579, 'E321', 'M154', 'SM74', 'LM52', 'C52'),
(1580, 'E333', 'M162', 'SM80', 'LM56', 'C56'),
(1581, 'E286', 'M136', 'SM66', 'LM46', 'C46'),
(1582, 'E64', 'M27', 'SM16', 'LM12', 'C12'),
(1583, 'E403', 'M196', 'SM98', 'LM68', 'C68'),
(1584, 'E519', 'M254', 'SM128', 'LM88', 'C88'),
(1585, 'E349', 'M169', 'SM84', 'LM59', 'C59'),
(1586, 'E119', 'M57', 'SM29', 'LM21', 'C21'),
(1587, 'E449', 'M219', 'SM110', 'LM76', 'C76'),
(1588, 'E263', 'M124', 'SM59', 'LM42', 'C42'),
(1589, 'E392', 'M190', 'SM94', 'LM66', 'C66'),
(1590, 'E293', 'M141', 'SM69', 'LM48', 'C48'),
(1591, 'E307', 'M147', 'SM71', 'LM50', 'C50'),
(1592, 'E31', 'M12', 'SM8', 'LM5', 'C5'),
(1593, 'E425', 'M207', 'SM103', 'LM71', 'C71'),
(1594, 'E75', 'M31', 'SM18', 'LM13', 'C13'),
(1595, 'E449', 'M219', 'SM110', 'LM76', 'C76'),
(1596, 'E155', 'M73', 'SM37', 'LM28', 'C28'),
(1597, 'E251', 'M119', 'SM57', 'LM41', 'C41'),
(1598, 'E513', 'M250', 'SM126', 'LM87', 'C87'),
(1599, 'E517', 'M253', 'SM128', 'LM88', 'C88'),
(1600, 'E239', 'M113', 'SM55', 'LM39', 'C39'),
(1601, 'E508', 'M248', 'SM125', 'LM86', 'C86'),
(1602, 'E451', 'M219', 'SM110', 'LM76', 'C76'),
(1603, 'E350', 'M169', 'SM84', 'LM59', 'C59'),
(1604, 'E478', 'M233', 'SM117', 'LM80', 'C80'),
(1605, 'E259', 'M123', 'SM59', 'LM42', 'C42'),
(1606, 'E341', 'M165', 'SM82', 'LM58', 'C58'),
(1607, 'E554', 'M273', 'SM138', 'LM95', 'C95'),
(1608, 'E80', 'M33', 'SM18', 'LM13', 'C13'),
(1609, 'E425', 'M207', 'SM103', 'LM71', 'C71'),
(1610, 'E255', 'M120', 'SM58', 'LM41', 'C41'),
(1611, 'E53', 'M23', 'SM15', 'LM12', 'C12'),
(1612, 'E243', 'M115', 'SM55', 'LM39', 'C39'),
(1613, 'E16', 'M6', 'SM3', 'LM2', 'C2'),
(1614, 'E38', 'M15', 'SM10', 'LM7', 'C7'),
(1615, 'E161', 'M76', 'SM38', 'LM29', 'C29'),
(1616, 'E297', 'M143', 'SM70', 'LM49', 'C49'),
(1617, 'E551', 'M272', 'SM138', 'LM95', 'C95'),
(1618, 'E107', 'M50', 'SM26', 'LM19', 'C19'),
(1619, 'E212', 'M99', 'SM49', 'LM35', 'C35'),
(1620, 'E112', 'M52', 'SM27', 'LM19', 'C19'),
(1621, 'E392', 'M190', 'SM94', 'LM66', 'C66'),
(1622, 'E3', 'M1', 'SM1', 'LM1', 'C1'),
(1623, 'E438', 'M213', 'SM107', 'LM74', 'C74'),
(1624, 'E149', 'M70', 'SM36', 'LM28', 'C28'),
(1625, 'E266', 'M126', 'SM61', 'LM43', 'C43'),
(1626, 'E26', 'M11', 'SM8', 'LM5', 'C5'),
(1627, 'E526', 'M258', 'SM130', 'LM89', 'C89'),
(1628, 'E438', 'M213', 'SM107', 'LM74', 'C74'),
(1629, 'E33', 'M13', 'SM9', 'LM6', 'C6'),
(1630, 'E114', 'M54', 'SM28', 'LM20', 'C20'),
(1631, 'E227', 'M107', 'SM52', 'LM37', 'C37'),
(1632, 'E197', 'M91', 'SM46', 'LM34', 'C34'),
(1633, 'E512', 'M250', 'SM126', 'LM87', 'C87'),
(1634, 'E212', 'M99', 'SM49', 'LM35', 'C35'),
(1635, 'E112', 'M52', 'SM27', 'LM19', 'C19'),
(1636, 'E224', 'M105', 'SM51', 'LM36', 'C36'),
(1637, 'E311', 'M150', 'SM72', 'LM51', 'C51'),
(1638, 'E461', 'M223', 'SM112', 'LM77', 'C77'),
(1639, 'E283', 'M135', 'SM65', 'LM46', 'C46'),
(1640, 'E138', 'M65', 'SM33', 'LM25', 'C25'),
(1641, 'E495', 'M241', 'SM121', 'LM83', 'C83'),
(1642, 'E296', 'M143', 'SM70', 'LM49', 'C49'),
(1643, 'E246', 'M116', 'SM56', 'LM40', 'C40'),
(1644, 'E221', 'M104', 'SM51', 'LM36', 'C36'),
(1645, 'E23', 'M10', 'SM7', 'LM5', 'C5'),
(1646, 'E415', 'M202', 'SM101', 'LM70', 'C70'),
(1647, 'E202', 'M95', 'SM47', 'LM34', 'C34'),
(1648, 'E406', 'M197', 'SM98', 'LM68', 'C68'),
(1649, 'E59', 'M25', 'SM15', 'LM12', 'C12'),
(1650, 'E160', 'M75', 'SM38', 'LM29', 'C29'),
(1651, 'E487', 'M236', 'SM118', 'LM81', 'C81'),
(1652, 'E134', 'M64', 'SM32', 'LM24', 'C24'),
(1653, 'E549', 'M270', 'SM137', 'LM94', 'C94'),
(1654, 'E545', 'M269', 'SM137', 'LM94', 'C94'),
(1655, 'E303', 'M146', 'SM71', 'LM50', 'C50'),
(1656, 'E192', 'M89', 'SM45', 'LM33', 'C33'),
(1657, 'E357', 'M173', 'SM87', 'LM62', 'C62'),
(1658, 'E491', 'M238', 'SM119', 'LM82', 'C82'),
(1659, 'E4', 'M2', 'SM1', 'LM1', 'C1'),
(1660, 'E206', 'M97', 'SM48', 'LM35', 'C35'),
(1661, 'E230', 'M108', 'SM52', 'LM37', 'C37'),
(1662, 'E366', 'M177', 'SM88', 'LM62', 'C62'),
(1663, 'E209', 'M98', 'SM48', 'LM35', 'C35'),
(1664, 'E443', 'M216', 'SM109', 'LM75', 'C75'),
(1665, 'E458', 'M222', 'SM111', 'LM76', 'C76'),
(1666, 'E329', 'M159', 'SM77', 'LM54', 'C54'),
(1667, 'E301', 'M145', 'SM70', 'LM49', 'C49'),
(1668, 'E364', 'M177', 'SM88', 'LM62', 'C62'),
(1669, 'E198', 'M92', 'SM46', 'LM34', 'C34'),
(1670, 'E197', 'M91', 'SM46', 'LM34', 'C34'),
(1671, 'E425', 'M207', 'SM103', 'LM71', 'C71'),
(1672, 'E440', 'M214', 'SM107', 'LM74', 'C74'),
(1673, 'E134', 'M64', 'SM32', 'LM24', 'C24'),
(1674, 'E512', 'M250', 'SM126', 'LM87', 'C87'),
(1675, 'E71', 'M30', 'SM17', 'LM13', 'C13'),
(1676, 'E304', 'M146', 'SM71', 'LM50', 'C50'),
(1677, 'E112', 'M52', 'SM27', 'LM19', 'C19'),
(1678, 'E351', 'M169', 'SM84', 'LM59', 'C59'),
(1679, 'E6', 'M2', 'SM1', 'LM1', 'C1'),
(1680, 'E159', 'M75', 'SM38', 'LM29', 'C29'),
(1681, 'E25', 'M10', 'SM7', 'LM5', 'C5'),
(1682, 'E18', 'M7', 'SM4', 'LM3', 'C3'),
(1683, 'E23', 'M10', 'SM7', 'LM5', 'C5'),
(1684, 'E221', 'M104', 'SM51', 'LM36', 'C36'),
(1685, 'E74', 'M31', 'SM18', 'LM13', 'C13'),
(1686, 'E27', 'M11', 'SM8', 'LM5', 'C5'),
(1687, 'E6', 'M2', 'SM1', 'LM1', 'C1'),
(1688, 'E348', 'M168', 'SM83', 'LM58', 'C58'),
(1689, 'E549', 'M270', 'SM137', 'LM94', 'C94'),
(1690, 'E577', 'M284', 'SM144', 'LM100', 'C100'),
(1691, 'E31', 'M12', 'SM8', 'LM5', 'C5'),
(1692, 'E36', 'M14', 'SM9', 'LM6', 'C6'),
(1693, 'E254', 'M120', 'SM58', 'LM41', 'C41'),
(1694, 'E89', 'M39', 'SM21', 'LM16', 'C16'),
(1695, 'E168', 'M78', 'SM40', 'LM30', 'C30'),
(1696, 'E71', 'M30', 'SM17', 'LM13', 'C13'),
(1697, 'E1', 'M1', 'SM1', 'LM1', 'C1'),
(1698, 'E239', 'M113', 'SM55', 'LM39', 'C39'),
(1699, 'E206', 'M97', 'SM48', 'LM35', 'C35'),
(1700, 'E483', 'M235', 'SM118', 'LM81', 'C81'),
(1701, 'E103', 'M46', 'SM24', 'LM18', 'C18'),
(1702, 'E334', 'M162', 'SM80', 'LM56', 'C56'),
(1703, 'E28', 'M11', 'SM8', 'LM5', 'C5'),
(1704, 'E429', 'M208', 'SM104', 'LM72', 'C72'),
(1705, 'E132', 'M63', 'SM32', 'LM24', 'C24'),
(1706, 'E459', 'M223', 'SM112', 'LM77', 'C77'),
(1707, 'E218', 'M103', 'SM50', 'LM36', 'C36'),
(1708, 'E178', 'M83', 'SM43', 'LM32', 'C32'),
(1709, 'E332', 'M161', 'SM79', 'LM55', 'C55'),
(1710, 'E21', 'M8', 'SM5', 'LM3', 'C3'),
(1711, 'E568', 'M280', 'SM142', 'LM99', 'C99'),
(1712, 'E304', 'M146', 'SM71', 'LM50', 'C50'),
(1713, 'E289', 'M137', 'SM67', 'LM47', 'C47'),
(1714, 'E169', 'M79', 'SM40', 'LM30', 'C30'),
(1715, 'E433', 'M210', 'SM105', 'LM72', 'C72'),
(1716, 'E3', 'M1', 'SM1', 'LM1', 'C1'),
(1717, 'E114', 'M54', 'SM28', 'LM20', 'C20'),
(1718, 'E235', 'M111', 'SM54', 'LM38', 'C38'),
(1719, 'E354', 'M171', 'SM85', 'LM60', 'C60'),
(1720, 'E474', 'M230', 'SM115', 'LM78', 'C78'),
(1721, 'E8', 'M3', 'SM1', 'LM1', 'C1'),
(1722, 'E366', 'M177', 'SM88', 'LM62', 'C62'),
(1723, 'E84', 'M35', 'SM19', 'LM14', 'C14'),
(1724, 'E522', 'M256', 'SM129', 'LM89', 'C89'),
(1725, 'E101', 'M45', 'SM24', 'LM18', 'C18'),
(1726, 'E207', 'M97', 'SM48', 'LM35', 'C35'),
(1727, 'E306', 'M147', 'SM71', 'LM50', 'C50'),
(1728, 'E355', 'M172', 'SM86', 'LM61', 'C61'),
(1729, 'E434', 'M211', 'SM106', 'LM73', 'C73'),
(1730, 'E194', 'M90', 'SM46', 'LM34', 'C34'),
(1731, 'E406', 'M197', 'SM98', 'LM68', 'C68'),
(1732, 'E277', 'M133', 'SM64', 'LM45', 'C45'),
(1733, 'E142', 'M67', 'SM34', 'LM26', 'C26'),
(1734, 'E465', 'M225', 'SM112', 'LM77', 'C77'),
(1735, 'E345', 'M167', 'SM83', 'LM58', 'C58'),
(1736, 'E415', 'M202', 'SM101', 'LM70', 'C70'),
(1737, 'E201', 'M95', 'SM47', 'LM34', 'C34'),
(1738, 'E469', 'M228', 'SM114', 'LM78', 'C78'),
(1739, 'E15', 'M6', 'SM3', 'LM2', 'C2'),
(1740, 'E562', 'M278', 'SM141', 'LM98', 'C98'),
(1741, 'E317', 'M152', 'SM73', 'LM51', 'C51'),
(1742, 'E49', 'M20', 'SM13', 'LM10', 'C10'),
(1743, 'E517', 'M253', 'SM128', 'LM88', 'C88'),
(1744, 'E329', 'M159', 'SM77', 'LM54', 'C54'),
(1745, 'E530', 'M261', 'SM132', 'LM91', 'C91'),
(1746, 'E36', 'M14', 'SM9', 'LM6', 'C6'),
(1747, 'E350', 'M169', 'SM84', 'LM59', 'C59'),
(1748, 'E488', 'M236', 'SM118', 'LM81', 'C81'),
(1749, 'E347', 'M168', 'SM83', 'LM58', 'C58'),
(1750, 'E112', 'M52', 'SM27', 'LM19', 'C19'),
(1751, 'E117', 'M57', 'SM29', 'LM21', 'C21'),
(1752, 'E395', 'M192', 'SM96', 'LM67', 'C67'),
(1753, 'E30', 'M12', 'SM8', 'LM5', 'C5'),
(1754, 'E367', 'M178', 'SM89', 'LM63', 'C63'),
(1755, 'E308', 'M148', 'SM72', 'LM51', 'C51'),
(1756, 'E565', 'M279', 'SM142', 'LM99', 'C99'),
(1757, 'E311', 'M150', 'SM72', 'LM51', 'C51'),
(1758, 'E183', 'M85', 'SM44', 'LM33', 'C33'),
(1759, 'E437', 'M212', 'SM107', 'LM74', 'C74'),
(1760, 'E250', 'M118', 'SM56', 'LM40', 'C40'),
(1761, 'E409', 'M198', 'SM99', 'LM69', 'C69'),
(1762, 'E354', 'M171', 'SM85', 'LM60', 'C60'),
(1763, 'E568', 'M280', 'SM142', 'LM99', 'C99'),
(1764, 'E170', 'M79', 'SM40', 'LM30', 'C30'),
(1765, 'E323', 'M156', 'SM76', 'LM54', 'C54'),
(1766, 'E89', 'M39', 'SM21', 'LM16', 'C16'),
(1767, 'E406', 'M197', 'SM98', 'LM68', 'C68'),
(1768, 'E565', 'M279', 'SM142', 'LM99', 'C99'),
(1769, 'E459', 'M223', 'SM112', 'LM77', 'C77'),
(1770, 'E451', 'M219', 'SM110', 'LM76', 'C76'),
(1771, 'E127', 'M60', 'SM30', 'LM22', 'C22'),
(1772, 'E15', 'M6', 'SM3', 'LM2', 'C2'),
(1773, 'E178', 'M83', 'SM43', 'LM32', 'C32'),
(1774, 'E173', 'M80', 'SM41', 'LM31', 'C31'),
(1775, 'E13', 'M5', 'SM2', 'LM1', 'C1'),
(1776, 'E138', 'M65', 'SM33', 'LM25', 'C25'),
(1777, 'E412', 'M200', 'SM101', 'LM70', 'C70'),
(1778, 'E488', 'M236', 'SM118', 'LM81', 'C81'),
(1779, 'E559', 'M277', 'SM141', 'LM98', 'C98'),
(1780, 'E527', 'M259', 'SM131', 'LM90', 'C90'),
(1781, 'E278', 'M133', 'SM64', 'LM45', 'C45'),
(1782, 'E267', 'M127', 'SM61', 'LM43', 'C43'),
(1783, 'E577', 'M284', 'SM144', 'LM100', 'C100'),
(1784, 'E519', 'M254', 'SM128', 'LM88', 'C88'),
(1785, 'E259', 'M123', 'SM59', 'LM42', 'C42'),
(1786, 'E152', 'M72', 'SM37', 'LM28', 'C28'),
(1787, 'E95', 'M42', 'SM22', 'LM17', 'C17'),
(1788, 'E572', 'M282', 'SM144', 'LM100', 'C100'),
(1789, 'E288', 'M137', 'SM67', 'LM47', 'C47'),
(1790, 'E500', 'M244', 'SM123', 'LM85', 'C85'),
(1791, 'E487', 'M236', 'SM118', 'LM81', 'C81'),
(1792, 'E137', 'M65', 'SM33', 'LM25', 'C25'),
(1793, 'E460', 'M223', 'SM112', 'LM77', 'C77'),
(1794, 'E530', 'M261', 'SM132', 'LM91', 'C91'),
(1795, 'E506', 'M246', 'SM124', 'LM85', 'C85'),
(1796, 'E487', 'M236', 'SM118', 'LM81', 'C81'),
(1797, 'E568', 'M280', 'SM142', 'LM99', 'C99'),
(1798, 'E552', 'M272', 'SM138', 'LM95', 'C95'),
(1799, 'E122', 'M58', 'SM29', 'LM21', 'C21'),
(1800, 'E430', 'M209', 'SM105', 'LM72', 'C72'),
(1801, 'E98', 'M43', 'SM23', 'LM17', 'C17'),
(1802, 'E182', 'M85', 'SM44', 'LM33', 'C33'),
(1803, 'E209', 'M98', 'SM48', 'LM35', 'C35'),
(1804, 'E111', 'M51', 'SM27', 'LM19', 'C19'),
(1805, 'E175', 'M81', 'SM42', 'LM32', 'C32'),
(1806, 'E398', 'M193', 'SM97', 'LM68', 'C68'),
(1807, 'E64', 'M27', 'SM16', 'LM12', 'C12'),
(1808, 'E98', 'M43', 'SM23', 'LM17', 'C17'),
(1809, 'E335', 'M162', 'SM80', 'LM56', 'C56'),
(1810, 'E400', 'M194', 'SM97', 'LM68', 'C68'),
(1811, 'E142', 'M67', 'SM34', 'LM26', 'C26'),
(1812, 'E225', 'M106', 'SM51', 'LM36', 'C36'),
(1813, 'E443', 'M216', 'SM109', 'LM75', 'C75'),
(1814, 'E14', 'M6', 'SM3', 'LM2', 'C2'),
(1815, 'E352', 'M170', 'SM84', 'LM59', 'C59'),
(1816, 'E189', 'M88', 'SM45', 'LM33', 'C33'),
(1817, 'E67', 'M29', 'SM17', 'LM13', 'C13'),
(1818, 'E250', 'M118', 'SM56', 'LM40', 'C40'),
(1819, 'E304', 'M146', 'SM71', 'LM50', 'C50'),
(1820, 'E8', 'M3', 'SM1', 'LM1', 'C1'),
(1821, 'E569', 'M281', 'SM143', 'LM100', 'C100'),
(1822, 'E347', 'M168', 'SM83', 'LM58', 'C58'),
(1823, 'E403', 'M196', 'SM98', 'LM68', 'C68'),
(1824, 'E465', 'M225', 'SM112', 'LM77', 'C77'),
(1825, 'E140', 'M66', 'SM33', 'LM25', 'C25'),
(1826, 'E391', 'M190', 'SM94', 'LM66', 'C66'),
(1827, 'E486', 'M236', 'SM118', 'LM81', 'C81'),
(1828, 'E330', 'M160', 'SM78', 'LM55', 'C55'),
(1829, 'E539', 'M267', 'SM136', 'LM94', 'C94'),
(1830, 'E145', 'M68', 'SM35', 'LM27', 'C27'),
(1831, 'E289', 'M137', 'SM67', 'LM47', 'C47'),
(1832, 'E449', 'M219', 'SM110', 'LM76', 'C76'),
(1833, 'E144', 'M67', 'SM34', 'LM26', 'C26'),
(1834, 'E349', 'M169', 'SM84', 'LM59', 'C59'),
(1835, 'E526', 'M258', 'SM130', 'LM89', 'C89'),
(1836, 'E541', 'M267', 'SM136', 'LM94', 'C94'),
(1837, 'E490', 'M237', 'SM119', 'LM82', 'C82'),
(1838, 'E271', 'M129', 'SM62', 'LM43', 'C43'),
(1839, 'E107', 'M50', 'SM26', 'LM19', 'C19'),
(1840, 'E248', 'M117', 'SM56', 'LM40', 'C40'),
(1841, 'E362', 'M176', 'SM88', 'LM62', 'C62'),
(1842, 'E256', 'M120', 'SM58', 'LM41', 'C41'),
(1843, 'E43', 'M17', 'SM12', 'LM9', 'C9'),
(1844, 'E483', 'M235', 'SM118', 'LM81', 'C81'),
(1845, 'E541', 'M267', 'SM136', 'LM94', 'C94'),
(1846, 'E351', 'M169', 'SM84', 'LM59', 'C59'),
(1847, 'E150', 'M70', 'SM36', 'LM28', 'C28'),
(1848, 'E484', 'M235', 'SM118', 'LM81', 'C81'),
(1849, 'E234', 'M110', 'SM54', 'LM38', 'C38'),
(1850, 'E113', 'M53', 'SM27', 'LM19', 'C19'),
(1851, 'E378', 'M185', 'SM93', 'LM65', 'C65'),
(1852, 'E269', 'M127', 'SM61', 'LM43', 'C43'),
(1853, 'E101', 'M45', 'SM24', 'LM18', 'C18'),
(1854, 'E61', 'M26', 'SM16', 'LM12', 'C12'),
(1855, 'E102', 'M45', 'SM24', 'LM18', 'C18'),
(1856, 'E74', 'M31', 'SM18', 'LM13', 'C13'),
(1857, 'E215', 'M101', 'SM49', 'LM35', 'C35'),
(1858, 'E382', 'M187', 'SM93', 'LM65', 'C65'),
(1859, 'E429', 'M208', 'SM104', 'LM72', 'C72'),
(1860, 'E86', 'M37', 'SM20', 'LM15', 'C15'),
(1861, 'E476', 'M231', 'SM116', 'LM79', 'C79'),
(1862, 'E106', 'M49', 'SM25', 'LM18', 'C18'),
(1863, 'E502', 'M245', 'SM124', 'LM85', 'C85'),
(1864, 'E75', 'M31', 'SM18', 'LM13', 'C13'),
(1865, 'E161', 'M76', 'SM38', 'LM29', 'C29'),
(1866, 'E555', 'M274', 'SM139', 'LM96', 'C96'),
(1867, 'E334', 'M162', 'SM80', 'LM56', 'C56'),
(1868, 'E467', 'M226', 'SM113', 'LM77', 'C77'),
(1869, 'E21', 'M8', 'SM5', 'LM3', 'C3'),
(1870, 'E23', 'M10', 'SM7', 'LM5', 'C5'),
(1871, 'E524', 'M257', 'SM129', 'LM89', 'C89'),
(1872, 'E207', 'M97', 'SM48', 'LM35', 'C35'),
(1873, 'E19', 'M7', 'SM4', 'LM3', 'C3'),
(1874, 'E282', 'M135', 'SM65', 'LM46', 'C46'),
(1875, 'E106', 'M49', 'SM25', 'LM18', 'C18'),
(1876, 'E122', 'M58', 'SM29', 'LM21', 'C21'),
(1877, 'E488', 'M236', 'SM118', 'LM81', 'C81'),
(1878, 'E394', 'M191', 'SM95', 'LM66', 'C66'),
(1879, 'E226', 'M106', 'SM51', 'LM36', 'C36'),
(1880, 'E162', 'M76', 'SM38', 'LM29', 'C29'),
(1881, 'E533', 'M263', 'SM134', 'LM92', 'C92'),
(1882, 'E155', 'M73', 'SM37', 'LM28', 'C28'),
(1883, 'E1', 'M1', 'SM1', 'LM1', 'C1'),
(1884, 'E220', 'M103', 'SM50', 'LM36', 'C36'),
(1885, 'E324', 'M157', 'SM77', 'LM54', 'C54'),
(1886, 'E70', 'M30', 'SM17', 'LM13', 'C13'),
(1887, 'E62', 'M26', 'SM16', 'LM12', 'C12'),
(1888, 'E549', 'M270', 'SM137', 'LM94', 'C94'),
(1889, 'E298', 'M144', 'SM70', 'LM49', 'C49'),
(1890, 'E536', 'M265', 'SM135', 'LM93', 'C93'),
(1891, 'E395', 'M192', 'SM96', 'LM67', 'C67'),
(1892, 'E416', 'M202', 'SM101', 'LM70', 'C70'),
(1893, 'E578', 'M284', 'SM144', 'LM100', 'C100'),
(1894, 'E508', 'M248', 'SM125', 'LM86', 'C86'),
(1895, 'E164', 'M77', 'SM39', 'LM29', 'C29'),
(1896, 'E572', 'M282', 'SM144', 'LM100', 'C100'),
(1897, 'E353', 'M171', 'SM85', 'LM60', 'C60'),
(1898, 'E501', 'M244', 'SM123', 'LM85', 'C85'),
(1899, 'E459', 'M223', 'SM112', 'LM77', 'C77'),
(1900, 'E397', 'M192', 'SM96', 'LM67', 'C67'),
(1901, 'E549', 'M270', 'SM137', 'LM94', 'C94'),
(1902, 'E259', 'M123', 'SM59', 'LM42', 'C42'),
(1903, 'E562', 'M278', 'SM141', 'LM98', 'C98'),
(1904, 'E54', 'M23', 'SM15', 'LM12', 'C12'),
(1905, 'E195', 'M90', 'SM46', 'LM34', 'C34'),
(1906, 'E444', 'M216', 'SM109', 'LM75', 'C75'),
(1907, 'E543', 'M268', 'SM136', 'LM94', 'C94'),
(1908, 'E421', 'M205', 'SM103', 'LM71', 'C71'),
(1909, 'E115', 'M55', 'SM28', 'LM20', 'C20'),
(1910, 'E323', 'M156', 'SM76', 'LM54', 'C54'),
(1911, 'E131', 'M63', 'SM32', 'LM24', 'C24'),
(1912, 'E339', 'M164', 'SM81', 'LM57', 'C57'),
(1913, 'E135', 'M64', 'SM32', 'LM24', 'C24'),
(1914, 'E285', 'M136', 'SM66', 'LM46', 'C46'),
(1915, 'E554', 'M273', 'SM138', 'LM95', 'C95'),
(1916, 'E300', 'M145', 'SM70', 'LM49', 'C49'),
(1917, 'E73', 'M31', 'SM18', 'LM13', 'C13'),
(1918, 'E532', 'M263', 'SM134', 'LM92', 'C92'),
(1919, 'E28', 'M11', 'SM8', 'LM5', 'C5'),
(1920, 'E86', 'M37', 'SM20', 'LM15', 'C15'),
(1921, 'E520', 'M255', 'SM129', 'LM89', 'C89'),
(1922, 'E190', 'M88', 'SM45', 'LM33', 'C33'),
(1923, 'E14', 'M6', 'SM3', 'LM2', 'C2'),
(1924, 'E338', 'M164', 'SM81', 'LM57', 'C57'),
(1925, 'E339', 'M164', 'SM81', 'LM57', 'C57'),
(1926, 'E311', 'M150', 'SM72', 'LM51', 'C51'),
(1927, 'E437', 'M212', 'SM107', 'LM74', 'C74'),
(1928, 'E506', 'M246', 'SM124', 'LM85', 'C85'),
(1929, 'E331', 'M161', 'SM79', 'LM55', 'C55'),
(1930, 'E370', 'M181', 'SM90', 'LM63', 'C63'),
(1931, 'E372', 'M181', 'SM90', 'LM63', 'C63'),
(1932, 'E174', 'M81', 'SM42', 'LM32', 'C32'),
(1933, 'E312', 'M150', 'SM72', 'LM51', 'C51'),
(1934, 'E328', 'M158', 'SM77', 'LM54', 'C54'),
(1935, 'E233', 'M109', 'SM53', 'LM38', 'C38'),
(1936, 'E420', 'M205', 'SM103', 'LM71', 'C71'),
(1937, 'E249', 'M117', 'SM56', 'LM40', 'C40'),
(1938, 'E170', 'M79', 'SM40', 'LM30', 'C30'),
(1939, 'E523', 'M256', 'SM129', 'LM89', 'C89'),
(1940, 'E172', 'M80', 'SM41', 'LM31', 'C31'),
(1941, 'E1', 'M1', 'SM1', 'LM1', 'C1'),
(1942, 'E501', 'M244', 'SM123', 'LM85', 'C85'),
(1943, 'E234', 'M110', 'SM54', 'LM38', 'C38'),
(1944, 'E238', 'M113', 'SM55', 'LM39', 'C39'),
(1945, 'E239', 'M113', 'SM55', 'LM39', 'C39'),
(1946, 'E78', 'M33', 'SM18', 'LM13', 'C13'),
(1947, 'E211', 'M99', 'SM49', 'LM35', 'C35'),
(1948, 'E367', 'M178', 'SM89', 'LM63', 'C63'),
(1949, 'E71', 'M30', 'SM17', 'LM13', 'C13'),
(1950, 'E333', 'M162', 'SM80', 'LM56', 'C56'),
(1951, 'E460', 'M223', 'SM112', 'LM77', 'C77'),
(1952, 'E391', 'M190', 'SM94', 'LM66', 'C66'),
(1953, 'E534', 'M263', 'SM134', 'LM92', 'C92'),
(1954, 'E408', 'M198', 'SM99', 'LM69', 'C69'),
(1955, 'E53', 'M23', 'SM15', 'LM12', 'C12'),
(1956, 'E230', 'M108', 'SM52', 'LM37', 'C37'),
(1957, 'E161', 'M76', 'SM38', 'LM29', 'C29'),
(1958, 'E329', 'M159', 'SM77', 'LM54', 'C54'),
(1959, 'E238', 'M113', 'SM55', 'LM39', 'C39'),
(1960, 'E568', 'M280', 'SM142', 'LM99', 'C99'),
(1961, 'E101', 'M45', 'SM24', 'LM18', 'C18'),
(1962, 'E340', 'M164', 'SM81', 'LM57', 'C57'),
(1963, 'E455', 'M221', 'SM111', 'LM76', 'C76'),
(1964, 'E505', 'M246', 'SM124', 'LM85', 'C85'),
(1965, 'E305', 'M147', 'SM71', 'LM50', 'C50'),
(1966, 'E244', 'M115', 'SM55', 'LM39', 'C39'),
(1967, 'E470', 'M229', 'SM115', 'LM78', 'C78'),
(1968, 'E356', 'M173', 'SM87', 'LM62', 'C62'),
(1969, 'E128', 'M61', 'SM30', 'LM22', 'C22'),
(1970, 'E306', 'M147', 'SM71', 'LM50', 'C50'),
(1971, 'E17', 'M7', 'SM4', 'LM3', 'C3'),
(1972, 'E563', 'M279', 'SM142', 'LM99', 'C99'),
(1973, 'E238', 'M113', 'SM55', 'LM39', 'C39'),
(1974, 'E117', 'M57', 'SM29', 'LM21', 'C21'),
(1975, 'E535', 'M264', 'SM135', 'LM93', 'C93'),
(1976, 'E547', 'M270', 'SM137', 'LM94', 'C94'),
(1977, 'E281', 'M134', 'SM65', 'LM46', 'C46'),
(1978, 'E219', 'M103', 'SM50', 'LM36', 'C36'),
(1979, 'E260', 'M123', 'SM59', 'LM42', 'C42'),
(1980, 'E316', 'M151', 'SM73', 'LM51', 'C51'),
(1981, 'E268', 'M127', 'SM61', 'LM43', 'C43'),
(1982, 'E195', 'M90', 'SM46', 'LM34', 'C34'),
(1983, 'E349', 'M169', 'SM84', 'LM59', 'C59'),
(1984, 'E345', 'M167', 'SM83', 'LM58', 'C58'),
(1985, 'E69', 'M29', 'SM17', 'LM13', 'C13'),
(1986, 'E106', 'M49', 'SM25', 'LM18', 'C18'),
(1987, 'E394', 'M191', 'SM95', 'LM66', 'C66'),
(1988, 'E295', 'M143', 'SM70', 'LM49', 'C49'),
(1989, 'E508', 'M248', 'SM125', 'LM86', 'C86'),
(1990, 'E378', 'M185', 'SM93', 'LM65', 'C65'),
(1991, 'E397', 'M192', 'SM96', 'LM67', 'C67'),
(1992, 'E344', 'M167', 'SM83', 'LM58', 'C58'),
(1993, 'E133', 'M63', 'SM32', 'LM24', 'C24'),
(1994, 'E350', 'M169', 'SM84', 'LM59', 'C59'),
(1995, 'E164', 'M77', 'SM39', 'LM29', 'C29'),
(1996, 'E80', 'M33', 'SM18', 'LM13', 'C13'),
(1997, 'E361', 'M176', 'SM88', 'LM62', 'C62'),
(1998, 'E178', 'M83', 'SM43', 'LM32', 'C32'),
(1999, 'E365', 'M177', 'SM88', 'LM62', 'C62'),
(2000, 'E334', 'M162', 'SM80', 'LM56', 'C56'),
(2001, 'E85', 'M36', 'SM19', 'LM14', 'C14'),
(2002, 'E100', 'M44', 'SM23', 'LM17', 'C17'),
(2003, 'E540', 'M267', 'SM136', 'LM94', 'C94'),
(2004, 'E11', 'M4', 'SM2', 'LM1', 'C1'),
(2005, 'E203', 'M95', 'SM47', 'LM34', 'C34'),
(2006, 'E12', 'M4', 'SM2', 'LM1', 'C1'),
(2007, 'E482', 'M234', 'SM118', 'LM81', 'C81'),
(2008, 'E440', 'M214', 'SM107', 'LM74', 'C74'),
(2009, 'E355', 'M172', 'SM86', 'LM61', 'C61'),
(2010, 'E128', 'M61', 'SM30', 'LM22', 'C22'),
(2011, 'E295', 'M143', 'SM70', 'LM49', 'C49'),
(2012, 'E518', 'M254', 'SM128', 'LM88', 'C88');

select * from employee_nc;


SELECT DISTINCT c.*, lm.lead_manager_code, sm.senior_manager_code,m.manager_code
from company_nc as c
JOIN lead_manager_nc as lm
ON c.company_code = lm.company_code
JOIN senior_manager_nc as sm
ON (sm.company_code=c.company_code AND lm.lead_manager_code=sm.lead_manager_code)
JOIN manager_nc as m
ON m.senior_manager_code=sm.senior_manager_code;


SELECT DISTINCT c.*, 
  count(DISTINCT lm.lead_manager_code), 
  count(DISTINCT sm.senior_manager_code),
  count(DISTINCT m.manager_code), 
  count(DISTINCT e.employee_code)
from company_nc as c
JOIN lead_manager_nc as lm
ON c.company_code = lm.company_code
JOIN senior_manager_nc as sm
ON (sm.company_code=c.company_code AND lm.lead_manager_code=sm.lead_manager_code)
JOIN manager_nc as m
ON m.senior_manager_code=sm.senior_manager_code
JOIN employee_nc as e
ON e.manager_code = m.manager_code
GROUP BY c.company_code,c.founder;

-- Create the students_report table
CREATE TABLE students_report (
    id INT,
    name VARCHAR(255),
    marks INT
);

-- Insert the data into the table
INSERT INTO students_report (id, name, marks)
VALUES
    (19, 'Samantha', 87),
    (21, 'Julia', 96),
    (11, 'Britney', 95),
    (32, 'Kristeen', 100),
    (12, 'Dyana', 55),
    (13, 'Jenny', 66),
    (14, 'Christene', 88),
    (15, 'Meera', 24),
    (16, 'Priya', 76),
    (17, 'Priyanka', 77),
    (18, 'Paige', 74),
    (19, 'Jane', 64),
    (21, 'Belvet', 78),
    (31, 'Scarlet', 80),
    (41, 'Salma', 81),
    (51, 'Amanda', 34),
    (61, 'Heraldo', 94),
    (71, 'Stuart', 99),
    (81, 'Aamina', 77),
    (76, 'Amina', 89),
    (91, 'Vivek', 84);

-- Create the grades_report table
CREATE TABLE grades_report (
    grade INT,
    min_marks INT,
    max_marks INT
);

-- Insert the data into the table
INSERT INTO grades_report (grade, min_marks, max_marks)
VALUES
    (1, 0, 9),
    (2, 10, 19),
    (3, 20, 29),
    (4, 30, 39),
    (5, 40, 49),
    (6, 50, 59),
    (7, 60, 69),
    (8, 70, 79),
    (9, 80, 89),
    (10, 90, 100);

select * from students_report;

SELECT name,marks,
CASE
WHEN marks between 90 AND 100 THEN 10
WHEN marks between 80 AND 89 THEN 9
WHEN marks between 70 AND 79 THEN 8
WHEN marks between 60 AND 69 THEN 7
WHEN marks between 50 AND 59 THEN 6
WHEN marks between 40 AND 49 THEN 5
WHEN marks between 30 AND 39 THEN 4
WHEN marks between 20 AND 29 THEN 3
WHEN marks between 10 AND 19 THEN 2
WHEN marks between 1 AND 9 THEN 1
END as grades,
CASE
WHEN marks between 90 AND 100 THEN name
WHEN marks between 80 AND 89 THEN name
WHEN marks between 70 AND 79 THEN name
ELSE 'NULL'
END as name
from students_report
ORDER BY grades DESC, name ASC;


with cte as (select * from (SELECT name,marks,
CASE
WHEN marks between 90 AND 100 THEN 10
WHEN marks between 80 AND 89 THEN 9
WHEN marks between 70 AND 79 THEN 8
end as grades
from students_report
WHERE marks>=70) as t1
UNION ALL
select * from (SELECT name,marks,
CASE
WHEN marks between 60 AND 69 THEN 7
WHEN marks between 50 AND 59 THEN 6
WHEN marks between 40 AND 49 THEN 5
WHEN marks between 30 AND 39 THEN 4
WHEN marks between 20 AND 29 THEN 3
WHEN marks between 10 AND 19 THEN 2
WHEN marks between 1 AND 9 THEN 1
END as grades
from students_report
WHERE marks<70) as  t2
ORDER BY grades DESC, name ASC, marks ASC )
select 
CASE
WHEN grades > 7 then name
ELSE "NULL"
END as names, grades,marks
from cte;


-- Create the occupation table
CREATE TABLE occupation (
    name VARCHAR(255),
    occupation VARCHAR(255)
);

-- Insert the values into the table
INSERT INTO occupation (name, occupation)
VALUES
    ('Ashley', 'Professor'),
    ('Samantha', 'Actor'),
    ('Julia', 'Doctor'),
    ('Britney', 'Professor'),
    ('Maria', 'Professor'),
    ('Meera', 'Professor'),
    ('Priya', 'Doctor'),
    ('Priyanka', 'Professor'),
    ('Jennifer', 'Actor'),
    ('Ketty', 'Actor'),
    ('Belvet', 'Professor'),
    ('Naomi', 'Professor'),
    ('Jane', 'Singer'),
    ('Jenny', 'Singer'),
    ('Kristeen', 'Singer'),
    ('Christeen', 'Singer'),
    ('Eve', 'Actor'),
    ('Aamina', 'Doctor');

select * from occupation;

SELECT
CASE WHEN occupation = 'Doctor' THEN name ELSE NULL END Doctor,
CASE WHEN occupation = 'Professor' THEN name ELSE NULL END Professor,
CASE WHEN occupation = 'Singer' THEN name ELSE NULL END Singer,
CASE WHEN occupation = 'Actor' THEN name ELSE NULL END Actor
FROM occupation
ORDER BY Doctor,Professor,Singer,Actor ASC;




CREATE TABLE LAT_N (
    lat INTEGER
);

INSERT INTO LAT_N (lat) VALUES
(139),
(48),
(72),
(33),
(75),
(50),
(85),
(98),
(46),
(98),
(103),
(38),
(50),
(102),
(49),
(70),
(73),
(39),
(94),
(116),
(36),
(114),
(27),
(106),
(88),
(133),
(83),
(75),
(32),
(79),
(85),
(104),
(74),
(65),
(39),
(74),
(141),
(117),
(72),
(111),
(126),
(32),
(27),
(41),
(138),
(133),
(125),
(70),
(81),
(53),
(62),
(68),
(60),
(106),
(80),
(47),
(87),
(144),
(37),
(122),
(83),
(135),
(76),
(119),
(55),
(128),
(90),
(108),
(104),
(100),
(75),
(95),
(57),
(29),
(66),
(92),
(136),
(120),
(116),
(47),
(118),
(108),
(96),
(68),
(102),
(75),
(119),
(77),
(28),
(67),
(36),
(86),
(102),
(56),
(104),
(97),
(69),
(30),
(35),
(74),
(95),
(55),
(77),
(112),
(106),
(138),
(47),
(59),
(27),
(81),
(45),
(119),
(144),
(103),
(39),
(50),
(68),
(131),
(38),
(60),
(121),
(81),
(109),
(106),
(99),
(82),
(103),
(108),
(75),
(90),
(136),
(45),
(59),
(38),
(121),
(129),
(80),
(35),
(128),
(59),
(82),
(127),
(58),
(116),
(90),
(80),
(95),
(70),
(92),
(38),
(128),
(72),
(109),
(105),
(54),
(95),
(55),
(25),
(137),
(113),
(41),
(127),
(71),
(133),
(85),
(127),
(45),
(85),
(73),
(25),
(48),
(72),
(128),
(99),
(98),
(113),
(61),
(52),
(132),
(127),
(77),
(65),
(35),
(25),
(40),
(129),
(140),
(67),
(130),
(141),
(135),
(36),
(55),
(94),
(134),
(83),
(95),
(31),
(39),
(105),
(98),
(60),
(44),
(129),
(93),
(93),
(100),
(129),
(125),
(130),
(140),
(86),
(93),
(97),
(115),
(134),
(107),
(82),
(141),
(114),
(96),
(135),
(92),
(65),
(127),
(84),
(59),
(106),
(66),
(70),
(140),
(135),
(119),
(70),
(124),
(144),
(39),
(83),
(57),
(104),
(79),
(73),
(63),
(134),
(79),
(52),
(53),
(68),
(142),
(80),
(114),
(73),
(92),
(82),
(75),
(53),
(47),
(119),
(68),
(54),
(50),
(138),
(64),
(75),
(32),
(100),
(47),
(134),
(35),
(31),
(27),
(42),
(91),
(32),
(106),
(31),
(93),
(44),
(106),
(107),
(42),
(132),
(130),
(124),
(71),
(31),
(79),
(74),
(82),
(59),
(49),
(143),
(30),
(117),
(30),
(85),
(37),
(71),
(62),
(130),
(100),
(41),
(136),
(119),
(141),
(113),
(119),
(137),
(35),
(30),
(138),
(117),
(58),
(112),
(44),
(58),
(75),
(140),
(116),
(129),
(69),
(89),
(35),
(109),
(108),
(61),
(139),
(61),
(121),
(110),
(63),
(47),
(40),
(142),
(66),
(140),
(78),
(80),
(41),
(93),
(48),
(144),
(136),
(51),
(56),
(37);
select count(*) from LAT_N;

DELETE FROM LAT_N
where lat = 37;


CREATE TABLE salary (
    employee_id INT PRIMARY KEY,
    company_name VARCHAR(1),
    employee_salary FLOAT
);

-- Inserting data
INSERT INTO salary (employee_id, company_name, employee_salary) VALUES
    (1, 'A', 50000.00),
    (2, 'A', 55000.00),
    (3, 'A', 60000.00),
    (4, 'A', 65000.00),
    (5, 'A', 70000.00),
    (6, 'B', 52000.00),
    (7, 'B', 56000.00),
    (8, 'B', 58000.00),
    (9, 'B', 62000.00),
    (10, 'B', 67000.00),
    (11, 'C', 48000.00),
    (12, 'C', 51000.00),
    (13, 'C', 54000.00),
    (14, 'C', 59000.00),
    (15, 'C', 63000.00),
    (16, 'D', 52000.00),
    (17, 'D', 55000.00),
    (18, 'D', 58000.00),
    (19, 'D', 60000.00),
    (20, 'D', 64000.00),
    (21, 'D', 68000.00);

-- median using row_number
select *, total_rows * 1.0 /2,(total_rows*1.0/2) +1
from
  (select lat,
  COUNT(*) OVER()  as total_rows,
  ROW_NUMBER() OVER(ORDER BY lat asc) as rn
  from LAT_N)as
t1
WHERE rn between total_rows * 1.0 /2 AND (total_rows*1.0/2) +1;




select company_name,total_rows,avg(employee_salary),
total_rows*1.0/2,
  (total_rows*1.0/2)+1
from
  (select *,
  ROW_NUMBER() OVER(PARTITION BY company_name ORDER BY employee_salary asc) as rn,
  COUNT(*) OVER(PARTITION BY company_name)  as total_rows
  from salary)as
t1
WHERE rn between total_rows * 1.0 /2 AND (total_rows*1.0/2) +1
GROUP BY company_name;

-- Create the table
CREATE TABLE students_p (
    id INT,
    name VARCHAR(255)
);

-- Insert the values into the table
INSERT INTO students_p (id, name)
VALUES
    (1, 'Samantha'),
    (2, 'Julia'),
    (3, 'Britney'),
    (4, 'Kristeen'),
    (5, 'Dyana'),
    (6, 'Jenny'),
    (7, 'Christene'),
    (8, 'Meera'),
    (9, 'Priya'),
    (10, 'Priyanka'),
    (11, 'Paige'),
    (12, 'Jane'),
    (13, 'Belvet'),
    (14, 'Scarlet'),
    (15, 'Salma'),
    (16, 'Amanda'),
    (17, 'Maria'),
    (18, 'Stuart'),
    (19, 'Aamina'),
    (20, 'Amina');

-- Create the table
CREATE TABLE friends_p (
    id INT,
    friend_id INT
);

-- Insert the values into the table
INSERT INTO friends_p (id, friend_id)
VALUES
    (1, 14),
    (2, 15),
    (3, 18),
    (4, 19),
    (5, 20),
    (6, 5),
    (7, 6),
    (8, 7),
    (9, 8),
    (10, 1),
    (11, 2),
    (12, 3),
    (13, 4),
    (14, 9),
    (15, 10),
    (16, 11),
    (17, 12),
    (18, 13),
    (19, 16),
    (20, 17);
    
    -- Create the table
CREATE TABLE packages_p (
    id INT,
    salary DECIMAL(10, 2)
);

-- Insert the values into the table
INSERT INTO packages_p (id, salary)
VALUES
    (1, 15.5),
    (2, 15.6),
    (3, 16.7),
    (4, 18.8),
    (5, 31.5),
    (6, 45),
    (7, 47),
    (8, 46),
    (9, 39),
    (10, 11.1),
    (11, 12.1),
    (12, 13.1),
    (13, 14.1),
    (14, 15.1),
    (15, 17.1),
    (16, 21.1),
    (17, 31.1),
    (18, 13.15),
    (19, 33.33),
    (20, 22.16);
    
    with cte as (SELEct s.*,p.salary as own_salary,f.friend_id 
    from students_p as s
    JOIN friends_p as f
    ON s.id = f.id
    JOIN packages_p as p
    ON p.id = s.id)
    
    select cte.*,t2.name,p.salary as friends_salary from cte
    JOIN students_p as t2
    ON cte.friend_id=t2.id
    JOIN packages_p as p
    ON cte.friend_id = p.id
    HAVING cte.own_salary < p.salary
    ORDER BY p.salary;

CREATE table functions(
x INT,
y INT);


INSERT INTO functions(x,y)VALUES
(86 ,86),
(27, 27),
(45 ,45),
(95, 95),
(11 ,11),
(18 ,8),
(85 ,85),
(2 ,2),
(77, 77),
(91, 91),
(15, 15),
(84 ,84),
(51 ,51),
(32 ,32),
(35 ,35),
(8 ,8),
(92, 92),
(67, 67),
(62, 62),
(33, 33),
(13 ,13),
(15 ,11),
(18 ,18),
(3 ,3),
(38, 38),
(80, 80),
(34, 34),
(6 ,6),
(72, 72),
(14, 12),
(44, 44),
(4 ,22),
(90, 90),
(47 ,47),
(78 ,78),
(23 ,3),
(42 ,42),
(56 ,56),
(79 ,79),
(55 ,55),
(65 ,65),
(17 ,17),
(64 ,64),
(4 ,4),
(28, 28),
(19, 19),
(17, 9),
(36, 36),
(25, 25),
(81, 81),
(60, 60),
(48 ,48),
(5 ,5),
(88, 88),
(7 ,19),
(21, 21),
(29 ,29),
(52, 52),
(9, 17),
(9, 9),
(13, 13),
(16, 10),
(1, 1),
(31, 31),
(46, 46),
(7, 7),
(58, 58),
(23, 23),
(87, 87),
(83, 83),
(66, 66),
(93, 93),
(24, 2),
(98, 98),
(53, 53),
(20, 6),
(61, 61),
(20, 20),
(96, 96),
(99, 99),
(73, 73),
(2, 24),
(14, 14),
(71, 71),
(5 ,21),
(22, 4),
(75 ,75),
(6, 20),
(97, 97),
(41, 41),
(26 ,26),
(22, 22),
(8 ,18),
(74 ,74),
(40, 40),
(21, 5),
(94, 94),
(76, 76),
(49, 49),
(11, 15),
(59, 59),
(89, 89),
(68, 68),
(24, 24),
(37, 37),
(12, 12),
(63, 63),
(43, 43),
(16, 16),
(100, 100),
(39 ,39),
(25, 1),
(69, 69),
(54, 54),
(50, 50),
(30, 30),
(10, 10);
select * from functions
ORDER by x;


with cte as (select f1.*,
ROW_NUMBER() OVER(PARTITION BY f1.x,f1.y) as rn
from functions as f1
CROSS JOIN functions as f2
WHERE (f1.x=f2.y AND f2.x=f1.y) AND(f1.x<=f1.y)
ORDER by f1.x)

select x,y from cte 
where (rn=2 AND cte.x=cte.y) OR (cte.x!=cte.y);

-- 2	24
-- 4	22
-- 5	21
-- 6	20
-- 8	18
-- 9	17
-- 11	15
-- 13	13

CREATE TABLE hackers (
    hacker_id INT,
    name VARCHAR(255)
);

INSERT INTO hackers (hacker_id, name)
VALUES
    (72, 'Rose'),
    (270, 'Angela'),
    (929, 'Frank'),
    (1194, 'Patrick'),
    (1434, 'Lisa'),
    (1842, 'Kimberly'),
    (2319, 'Bonnie'),
    (2729, 'Michael'),
    (2746, 'Todd'),
    (3395, 'Joe'),
    (3768, 'Earl'),
    (4509, 'Robert'),
    (5135, 'Amy'),
    (5275, 'Pamela'),
    (5611, 'Maria'),
    (5720, 'Joe'),
    (5828, 'Linda'),
    (7671, 'Melissa'),
    (8205, 'Carol'),
    (8285, 'Paula'),
    (8498, 'Marilyn'),
    (9761, 'Jennifer'),
    (10011, 'Harry'),
    (10084, 'David'),
    (10776, 'Julia'),
    (10857, 'Kevin'),
    (12539, 'Paul'),
    (13122, 'James'),
    (13380, 'Kelly'),
    (13391, 'Robin'),
    (13523, 'Ralph'),
    (13762, 'Gloria'),
    (13944, 'Victor'),
    (14246, 'David'),
    (14363, 'Joyce'),
    (14366, 'Donna'),
    (14372, 'Michelle'),
    (14658, 'Stephanie'),
    (14777, 'Gerald'),
    (14863, 'Walter'),
    (15719, 'Christina'),
    (16259, 'Brandon'),
    (17295, 'Elizabeth'),
    (17762, 'Joseph'),
    (18330, 'Lawrence'),
    (18690, 'Marilyn'),
    (18983, 'Lori'),
    (19076, 'Matthew'),
    (19448, 'Jesse'),
    (20504, 'John'),
    (20534, 'Martha'),
    (21212, 'Timothy'),
    (21463, 'Christine'),
    (22196, 'Anthony'),
    (23278, 'Paula'),
    (23678, 'Kimberly'),
    (24663, 'Louise'),
    (25184, 'Martin'),
    (25238, 'Paul'),
    (25732, 'Antonio'),
    (26133, 'Jacqueline'),
    (26243, 'Diana'),
    (26253, 'John'),
    (26289, 'Dorothy'),
    (26895, 'Evelyn'),
    (27232, 'Phillip'),
    (28250, 'Evelyn'),
    (28275, 'Debra'),
    (28299, 'David'),
    (28614, 'Willie'),
    (30128, 'Brandon'),
    (30721, 'Ann'),
    (30755, 'Emily'),
    (32121, 'Dorothy'),
    (32172, 'Jonathan'),
    (32254, 'Dorothy'),
    (34242, 'Marilyn'),
    (35583, 'Norma'),
    (36228, 'Nancy'),
    (36322, 'Andrew'),
    (37704, 'Keith'),
    (38852, 'Benjamin'),
    (39277, 'Charles'),
    (39771, 'Alan'),
    (39782, 'Tammy'),
    (40226, 'Anna'),
    (40257, 'James'),
    (41293, 'Robin'),
    (41319, 'Jean'),
    (42052, 'Andrew'),
    (43892, 'Roy'),
    (44188, 'Diana'),
    (45386, 'Christina'),
    (45785, 'Jesse'),
    (46205, 'Joyce'),
    (47641, 'Patricia'),
    (48984, 'Gregory'),
    (49307, 'Brian'),
    (49652, 'Christine'),
    (49789, 'Lillian'),
    (50081, 'Aaron'),
    (50274, 'Dorothy'),
    (50393, 'Christopher'),
    (51385, 'Bobby'),
    (51410, 'Bobby'),
    (51503, 'Gerald'),
    (51906, 'Carol'),
    (52184, 'Jeremy'),
    (52274, 'Clarence'),
    (52500, 'Wayne'),
    (53315, 'Carolyn'),
    (54055, 'Margaret'),
    (54300, 'Andrew'),
    (55007, 'Albert'),
    (55107, 'Judy'),
    (55635, 'Arthur'),
    (56050, 'Cynthia'),
    (57147, 'Jerry'),
    (57650, 'Thomas'),
    (57694, 'Elizabeth'),
    (57947, 'Justin'),
    (59326, 'Albert'),
    (59640, 'James'),
    (59853, 'Stephen'),
    (59907, 'Alan'),
    (60412, 'Joshua'),
    (60738, 'Norma'),
    (61506, 'Mildred'),
    (61647, 'Melissa'),
    (61703, 'Paul'),
    (61885, 'Gerald'),
    (62626, 'Ronald'),
    (62669, 'Sandra'),
    (62764, 'Helen'),
    (64383, 'Larry'),
    (64617, 'Alan'),
    (65817, 'Paul'),
    (65900, 'Chris'),
    (65903, 'Steven'),
    (66031, 'Jennifer'),
    (66414, 'Bonnie'),
    (67640, 'Shirley'),
    (68141, 'Jeffrey'),
    (68645, 'Janet'),
    (68709, 'Albert'),
    (68908, 'Charles'),
    (69871, 'Kelly'),
    (70325, 'Bobby'),
    (71121, 'Elizabeth'),
    (71525, 'Keith'),
    (72757, 'Jose'),
    (72944, 'Ann'),
    (73095, 'Helen'),
    (73193, 'Jason'),
    (73355, 'Gerald'),
    (73418, 'Carlos'),
    (73961, 'Ryan'),
    (74101, 'Ashley'),
    (74160, 'Julia'),
    (74413, 'Harry'),
    (74553, 'Sean'),
    (74558, 'Julia'),
    (74932, 'Marilyn'),
    (75773, 'Cheryl'),
    (75984, 'Susan'),
    (77119, 'Judith'),
    (77211, 'Ruth'),
    (79555, 'Jane'),
    (79803, 'Sara'),
    (80659, 'Denise'),
    (81751, 'Jason'),
    (81936, 'Rose'),
    (82542, 'Susan'),
    (82704, 'Irene'),
    (83194, 'Jonathan'),
    (84304, 'Shawn'),
    (84653, 'Julia'),
    (85039, 'Linda'),
    (85242, 'Melissa'),
    (87768, 'Dennis'),
    (89033, 'Jeremy'),
    (89507, 'Patrick'),
    (90106, 'Jennifer'),
    (90500, 'Lillian'),
    (90653, 'Charles'),
    (91104, 'Philip'),
    (91557, 'Jimmy'),
    (91744, 'Doris'),
    (92776, 'Craig'),
    (93514, 'Walter'),
    (95822, 'Wayne'),
    (96117, 'Katherine'),
    (96546, 'Mark'),
    (97708, 'Barbara'),
    (97990, 'Mark'),
    (98095, 'Joe'),
    (98128, 'Maria'),
    (99104, 'John'),
    (99113, 'Brian'),
    (99559, 'Kimberly');
    
    CREATE TABLE difficulty (
    difficulty_level INT,
    score INT
);

INSERT INTO difficulty (difficulty_level, score)
VALUES
    (1, 20),
    (2, 30),
    (3, 40),
    (4, 60),
    (5, 80),
    (6, 100),
    (7, 120);

CREATE TABLE challenges (
    challenge_id INT,
    hacker_id INT,
    difficulty_level INT
);

INSERT INTO challenges (challenge_id, hacker_id, difficulty_level)
VALUES
    (4911, 61647, 3),
    (11319, 70325, 2),
    (13910, 5275, 7),
    (19274, 270, 7),
    (25419, 49307, 5),
    (36420, 46205, 5),
    (36911, 80659, 7),
    (37472, 97708, 7),
    (44764, 14863, 2);

CREATE TABLE submissions (
    submission_id INT,
    hacker_id INT,
    challenge_id INT,
    score INT
);

INSERT INTO submissions (submission_id, hacker_id, challenge_id, score)
VALUES
    (43954, 40226, 69855, 40),
    (89007, 85039, 44764, 14),
    (38171, 32172, 25419, 80),
    (95655, 95822, 63530, 47),
    (67667, 61885, 55235, 16),
    (608, 72, 93294, 0),
    (48950, 47641, 51898, 30),
    (14835, 13762, 44764, 30),
    (5719, 3768, 44764, 20),
    (79124, 74101, 19274, 27),
    (9608, 9761, 51898, 80),
    (66937, 61703, 44764, 14),
    (70395, 65817, 99326, 72),
    (1602, 929, 63530, 0),
    (38474, 32172, 51898, 30),
    (88883, 84653, 69886, 1),
    (94969, 92776, 55235, 57),
    (39613, 35583, 11319, 30),
    (60498, 57147, 55235, 10),
    (66873, 61703, 36420, 24),
    (61607, 57694, 51898, 5),
    (16169, 14246, 55235, 60),
    (61307, 57650, 63530, 31),
    (82072, 74932, 69855, 37),
    (54331, 51503, 36911, 47),
    (31874, 26253, 69855, 40),
    (82971, 75773, 99326, 49),
    (93663, 91557, 93294, 27),
    (25663, 20504, 37472, 120),
    (73458, 68141, 93294, 49),
    (56056, 52274, 11319, 25),
    (20487, 15719, 61757, 80),
    (62359, 57947, 55235, 12),
    (2076, 1194, 63530, 0),
    (19500, 14863, 44764, 30),
    (62522, 57947, 68233, 9),
    (49656, 49307, 11319, 30),
    (21884, 17295, 37472, 120),
    (95417, 93514, 44764, 21),
    (63442, 59640, 60691, 11),
    (86241, 81751, 25419, 48),
    (47952, 45785, 37472, 120),
    (25400, 19448, 51898, 30),
    (57696, 54300, 13910, 13),
    (84812, 79555, 63530, 2),
    (56234, 52274, 46441, 37),
    (84017, 77211, 11319, 5),
    (32019, 26253, 99326, 80),
    (25465, 19448, 68233, 80),
    (89263, 85242, 4911, 7),
    (601, 72, 63530, 0),
    (13515, 13391, 51898, 30),
    (72955, 68141, 44764, 19),
    (5502, 3395, 93294, 20),
    (82171, 74932, 93294, 43),
    (74575, 68908, 44764, 16),
    (55925, 52184, 61757, 3),
    (77253, 72757, 69855, 35),
    (19909, 15719, 36420, 80),
    (35652, 28614, 37472, 120),
    (45409, 41293, 55235, 60),
    (64338, 59853, 61757, 69),
    (89302, 85242, 19274, 106),
    (47714, 45386, 69886, 20),
    (72978, 68141, 55235, 19),
    (12556, 13122, 11319, 30),
    (78583, 73355, 68233, 59),
    (26429, 21212, 44764, 30),
    (10316, 10084, 19274, 80),
    (27984, 23278, 36420, 80),
    (33064, 27232, 36420, 80),
    (86312, 81751, 37472, 105),
    (92077, 90500, 19274, 13),
    (9444, 9761, 19274, 80),
    (84608, 79555, 11319, 5),
    (72900, 68141, 36420, 15),
    (70667, 65900, 69886, 14),
    (67728, 61885, 93294, 4),
    (43463, 39782, 69886, 20),
    (11844, 10857, 51898, 30),
    (186, 72, 4911, 0),
    (10632, 10084, 60691, 60),
    (69536, 64617, 11319, 7),
    (10498, 10084, 44764, 120),
    (90071, 89033, 13910, 9),
    (30953, 26133, 68233, 80),
    (43302, 39782, 61757, 80),
    (44334, 40257, 63530, 60),
    (93599, 91557, 68233, 74),
    (19504, 14863, 46441, 60),
    (69411, 64383, 99326, 23),
    (25484, 19448, 69886, 20),
    (93540, 91557, 51898, 1),
    (47771, 45386, 93294, 60),
    (74667, 69871, 11319, 13),
    (36331, 30128, 44764, 30),
    (60910, 57147, 99326, 29),
    (1910, 1194, 60691, 0),
    (89762, 87768, 36420, 14),
    (75483, 70325, 55235, 36);
    
    INSERT INTO submissions (submission_id, hacker_id, challenge_id, score)
VALUES
    (13310, 13380, 93294, 60),
    (9711, 9761, 93294, 80),
    (59007, 55107, 36420, 35),
    (6302, 4509, 51898, 100),
    (28237, 23678, 13910, 120),
    (20721, 15719, 69886, 20),
    (22218, 17762, 36911, 120),
    (92561, 90653, 46441, 51),
    (81716, 74932, 44764, 27),
    (68444, 62669, 46441, 17),
    (64784, 59907, 37472, 62),
    (49909, 49307, 61757, 80),
    (91862, 90500, 4911, 35),
    (74645, 68908, 51898, 26),
    (64489, 59853, 63530, 25),
    (28525, 23678, 55235, 60),
    (75753, 70325, 60691, 21),
    (28869, 24663, 55235, 60),
    (97030, 97990, 44764, 30),
    (90574, 89033, 60691, 32),
    (18993, 14777, 51898, 30),
    (20857, 16259, 11319, 30),
    (48759, 47641, 13910, 120),
    (62532, 57947, 69855, 40),
    (65799, 60738, 60691, 36),
    (53825, 51410, 55235, 5),
    (22019, 17295, 63530, 60),
    (86322, 81751, 44764, 30),
    (60227, 57147, 19274, 21),
    (5645, 3768, 19274, 30),
    (30058, 25732, 11319, 30),
    (32632, 26895, 55235, 60),
    (51547, 49789, 69886, 1),
    (95195, 92776, 63530, 38),
    (11449, 10776, 60691, 80),
    (47064, 44188, 36420, 80),
    (67316, 61885, 36420, 2),
    (11779, 10857, 36420, 40),
    (75434, 70325, 11319, 6),
    (96553, 96546, 69855, 8),
    (70169, 65817, 61757, 21),
    (13587, 13391, 55235, 60),
    (86053, 81751, 11319, 27),
    (22997, 18330, 60691, 40),
    (82293, 75773, 4911, 20),
    (18050, 14658, 19274, 120),
    (7884, 5720, 99326, 120),
    (8459, 8205, 11319, 40),
    (40441, 36228, 13910, 120),
    (98463, 99104, 60691, 4),
    (74234, 68709, 93294, 17),
    (54237, 51503, 25419, 63),
    (88598, 84304, 25419, 52),
    (85227, 79803, 63530, 9),
    (85750, 80659, 61757, 79),
    (42551, 39277, 44764, 30),
    (40485, 36228, 25419, 80),
    (62830, 59326, 37472, 46),
    (10441, 10084, 36911, 60),
    (96656, 97708, 4911, 37),
    (53238, 51385, 46441, 59),
    (76278, 71121, 61757, 55),
    (57030, 53315, 51898, 27),
    (41053, 36322, 36420, 80),
    (86899, 81936, 44764, 13),
    (44316, 40257, 60691, 40),
    (38591, 32172, 93294, 60),
    (19230, 14777, 99326, 80),
    (80169, 74413, 68233, 74),
    (70859, 65903, 36420, 65),
    (49292, 48984, 46441, 60),
    (24221, 19076, 13910, 120),
    (88770, 84304, 69855, 5),
    (20726, 15719, 93294, 60),
    (47145, 44188, 60691, 40),
    (25414, 19448, 55235, 60),
    (15410, 13944, 44764, 30),
    (94387, 91744, 69886, 16),
    (78488, 73355, 46441, 34),
    (65826, 60738, 61757, 27),
    (7935, 5828, 11319, 120),
    (49129, 47641, 68233, 80),
    (1623, 929, 68233, 0),
    (66536, 61647, 61757, 27),
    (54203, 51503, 19274, 40),
    (2408, 1434, 11319, 0),
    (52609, 50393, 13910, 28),
    (93465, 91557, 44764, 22),
    (34284, 28275, 55235, 60),
    (39007, 34242, 4911, 40),
    (43498, 40226, 19274, 120),
    (34917, 28299, 11319, 30),
    (69948, 64617, 51898, 16),
    (2762, 1434, 93294, 0),
    (75060, 69871, 36911, 65),
    (25602, 20504, 19274, 120),
    (86896, 81936, 36911, 13),
    (53820, 51410, 51898, 30),
    (39507, 34242, 99326, 80),
    (29398, 25184, 61757, 80),
    (68790, 62764, 51898, 3),
    (12831, 13122, 68233, 80),
    (72927, 68141, 37472, 11),
    (95259, 93514, 19274, 39),
    (32715, 26895, 63530, 60),
    (42101, 38852, 51898, 30),
    (28180, 23278, 69886, 20),
    (83593, 77119, 25419, 57),
    (63381, 59640, 36420, 53),
    (31544, 26253, 44764, 30),
    (38996, 32254, 99326, 80),
    (56419, 52274, 68233, 1),
    (98740, 99113, 36420, 69),
    (84796, 79555, 60691, 3),
    (83488, 75984, 44764, 4),
    (55355, 51906, 60691, 27),
    (65623, 60738, 37472, 29),
    (72830, 68141, 19274, 53),
    (75386, 69871, 99326, 10),
    (38693, 32254, 4911, 40),
    (18540, 14658, 61757, 80),
    (60307, 57147, 36420, 9),
    (8290, 5828, 69886, 30),
    (75760, 70325, 69886, 6),
    (13497, 13391, 36911, 120),
    (89582, 87768, 19274, 119),
    (20615, 15719, 68233, 80),
    (33544, 27232, 68233, 80),
    (97212, 98095, 25419, 28),
    (19881, 15719, 25419, 80),
    (94590, 92776, 4911, 33),
    (16399, 14363, 36420, 80),
    (257, 72, 13910, 0),
    (87837, 83194, 19274, 98),
    (84999, 79803, 36911, 99),
    (33143, 27232, 37472, 120),
    (50333, 49652, 36420, 80),
    (33924, 28250, 46441, 60),
    (56440, 52274, 69886, 19),
    (98670, 99113, 13910, 49),
    (55954, 52184, 93294, 57),
    (95514, 95822, 36911, 45),
    (43171, 39782, 51898, 30),
    (51495, 49789, 68233, 47),
    (99982, 99559, 99326, 49),
    (57682, 54300, 4911, 17),
    (80987, 74558, 25419, 22),
    (78443, 73355, 36420, 38),
    (46517, 43892, 36911, 120),
    (57017, 53315, 46441, 40),
    (29940, 25238, 63530, 60),
    (38179, 32172, 36420, 80),
    (51277, 49789, 46441, 6),
    (30003, 25238, 99326, 80),
    (14314, 13762, 4911, 40),
    (65191, 59907, 61757, 36),
    (37077, 30721, 55235, 60),
    (45681, 41319, 61757, 80),
    (89898, 87768, 99326, 78),
    (68161, 62626, 51898, 12),
    (42949, 39771, 19274, 120),
    (84670, 79555, 36420, 52),
    (47340, 45386, 25419, 80),
    (79264, 74101, 51898, 6),
    (6548, 5135, 37472, 100),
    (70424, 65900, 19274, 97),
    (26485, 21212, 60691, 40),
    (74659, 68908, 61757, 60),
    (65917, 60738, 99326, 63),
    (77806, 73095, 19274, 1),
    (61501, 57694, 36420, 55),
    (76960, 72757, 19274, 107),
    (31528, 26253, 36911, 120),
    (89364, 85242, 55235, 53),
    (50868, 49789, 36911, 80),
    (60500, 57147, 60691, 10),
    (77837, 73095, 60691, 11),
    (23898, 18983, 37472, 120),
    (29894, 25238, 36420, 80),
    (49804, 49307, 37472, 120),
    (79073, 73961, 60691, 8),
    (8413, 7671, 61757, 40),
    (92637, 90653, 68233, 67),
    (78628, 73418, 36911, 94),
    (39964, 35583, 36911, 120),
    (22680, 17762, 46441, 60),
    (76719, 71525, 36420, 73),
    (32379, 26895, 36911, 120),
    (65563, 60738, 36420, 38),
    (75842, 71121, 4911, 4),
    (52585, 50274, 99326, 12),
    (74360, 68908, 13910, 97),
    (31237, 26243, 36911, 120),
    (86648, 81751, 99326, 29),
    (97375, 98095, 55235, 31),
    (74953, 69871, 36420, 60),
    (6312, 4509, 60691, 100),
    (92688, 90653, 93294, 13),
    (43121, 39771, 61757, 80),
    (57225, 53315, 69886, 4);

INSERT INTO submissions (submission_id, hacker_id, challenge_id, score)
VALUES
(62861, 59326, 61757, 11),
(57123, 53315, 60691, 19),
(11492, 10776, 69855, 120),
(96054, 96117, 46441, 35),
(53085, 50393, 93294, 50),
(31907, 26253, 93294, 60),
(37860, 32121, 51898, 30),
(16755, 14366, 13910, 120),
(89268, 85242, 11319, 15),
(20847, 16259, 4911, 40),
(53045, 50393, 68233, 57),
(69647, 64617, 36911, 9),
(61686, 57694, 55235, 19),
(54601, 51503, 51898, 13),
(6710, 5135, 99326, 100),
(96339, 96546, 11319, 14),
(11638, 10857, 4911, 120),
(93283, 91104, 69855, 24),
(23475, 18690, 11319, 30),
(91528, 90106, 37472, 32),
(56902, 53315, 19274, 56),
(74017, 68709, 19274, 83),
(96565, 96546, 99326, 3),
(87092, 81936, 69855, 31),
(95485, 95822, 25419, 31),
(97489, 98128, 4911, 33),
(16352, 14363, 25419, 80),
(33878, 28250, 44764, 30),
(56407, 52274, 60691, 26),
(5485, 3395, 63530, 120),
(692, 72, 99326, 0),
(91531, 90106, 46441, 44),
(7972, 5828, 25419, 30),
(78017, 73193, 19274, 52),
(38403, 32172, 44764, 30),
(38750, 32254, 11319, 30),
(90669, 89033, 69855, 13),
(71858, 66414, 55235, 14),
(85140, 79803, 60691, 9),
(23768, 18690, 63530, 60),
(83657, 77119, 46441, 11),
(87974, 83194, 44764, 28),
(57952, 54300, 69855, 3),
(83678, 77119, 55235, 25),
(21290, 16259, 55235, 60),
(36269, 30128, 36420, 80),
(89251, 85039, 69855, 20),
(80399, 74558, 13910, 93),
(62690, 59326, 11319, 17),
(48447, 46205, 37472, 120),
(60105, 57147, 11319, 3),
(45906, 42052, 36420, 80),
(1573, 929, 51898, 0),
(13240, 13380, 61757, 80),
(78529, 73355, 60691, 5),
(96263, 96117, 69855, 16),
(48058, 45785, 46441, 60),
(86818, 81936, 13910, 54),
(24582, 19076, 44764, 30),
(99671, 99559, 61757, 63),
(63757, 59853, 13910, 57),
(13317, 13391, 4911, 40),
(11369, 10776, 55235, 100),
(45052, 41293, 19274, 120),
(33274, 27232, 46441, 60),
(22906, 18330, 36911, 120),
(25995, 20534, 44764, 30),
(18927, 14777, 37472, 120),
(95933, 96117, 19274, 14),
(41835, 37704, 99326, 80),
(37022, 30721, 46441, 60),
(5865, 3768, 63530, 20),
(27820, 22196, 93294, 60),
(31196, 26243, 13910, 120),
(69225, 64383, 69886, 3),
(36195, 30128, 25419, 80),
(70765, 65903, 4911, 3),
(16043, 14246, 36911, 120),
(7798, 5720, 93294, 20),
(91754, 90106, 93294, 60),
(58978, 55107, 11319, 28),
(15474, 13944, 61757, 80),
(53206, 51385, 36420, 12),
(87864, 83194, 37472, 34),
(53207, 51385, 37472, 67),
(93063, 91104, 51898, 13),
(26685, 21212, 99326, 80),
(84531, 77211, 93294, 57),
(46895, 43892, 93294, 60),
(16561, 14363, 46441, 60),
(69591, 64617, 13910, 81),
(68657, 62764, 19274, 45),
(12624, 13122, 25419, 80),
(49558, 48984, 93294, 60),
(94514, 91744, 99326, 14),
(57965, 54300, 69886, 2),
(89851, 87768, 63530, 4),
(48845, 47641, 19274, 120),
(27521, 22196, 37472, 120),
(24402, 19076, 36420, 80),
(36325, 30128, 36911, 120),
(96541, 96546, 60691, 15),
(79126, 74101, 36420, 74),
(86557, 81751, 63530, 50),
(9249, 8498, 37472, 30),
(71251, 66031, 36420, 12),
(64115, 59853, 46441, 32),
(79936, 74413, 25419, 60),
(95293, 93514, 25419, 64),
(81075, 74558, 61757, 20),
(81455, 74558, 69855, 38),
(92493, 90653, 37472, 22),
(88955, 85039, 19274, 73),
(15156, 13944, 13910, 120),
(33829, 28250, 36420, 80),
(77786, 73095, 11319, 14),
(17809, 14372, 99326, 80),
(37590, 32121, 19274, 120),
(56781, 52500, 60691, 13),
(22971, 18330, 46441, 60),
(83713, 77119, 63530, 31),
(54840, 51503, 68233, 25),
(37399, 30755, 68233, 80),
(35676, 28614, 46441, 60),
(64756, 59907, 25419, 68),
(36758, 30721, 4911, 40),
(59633, 56050, 25419, 56),
(24991, 19448, 4911, 40),
(55626, 51906, 93294, 5),
(26633, 21212, 69886, 20),
(6999, 5611, 37472, 80),
(57163, 53315, 63530, 35),
(95343, 93514, 37472, 26),
(32372, 26895, 19274, 120),
(97057, 97990, 51898, 17),
(537, 72, 36420, 0),
(78997, 73961, 4911, 40),
(19450, 14863, 36420, 80),
(78814, 73418, 63530, 54),
(28196, 23678, 4911, 40),
(93667, 91744, 4911, 17),
(86681, 81936, 11319, 3),
(67094, 61703, 60691, 2),
(12894, 13122, 69855, 40),
(42677, 39277, 60691, 40),
(70396, 65900, 4911, 17),
(34173, 28275, 36420, 80),
(77218, 72757, 68233, 17),
(8110, 5828, 51898, 80),
(75968, 71121, 36420, 8),
(28041, 23278, 37472, 120),
(67169, 61703, 63530, 19),
(36629, 30128, 68233, 80),
(76849, 71525, 93294, 46),
(5224, 3395, 51898, 0),
(54090, 51410, 68233, 31),
(95820, 96117, 11319, 24),
(12436, 12539, 60691, 40),
(70888, 65903, 36911, 34),
(3482, 1842, 69886, 0),
(82342, 75773, 25419, 22),
(93108, 91104, 55235, 46),
(98591, 99104, 99326, 52),
(8883, 8285, 44764, 60),
(61036, 57650, 36420, 73),
(38445, 32172, 46441, 60),
(92367, 90653, 19274, 41),
(8539, 8205, 36420, 100),
(21956, 17295, 55235, 60),
(17194, 14372, 13910, 120),
(83854, 77119, 69855, 15),
(2730, 1434, 69855, 0),
(28822, 24663, 51898, 30),
(13750, 13391, 99326, 80),
(70782, 65903, 13910, 98),
(64556, 59853, 99326, 71),
(40059, 35583, 46441, 60),
(47561, 45386, 44764, 30),
(96091, 96117, 68233, 40),
(5056, 3395, 25419, 0),
(47676, 45386, 69855, 40),
(50399, 49652, 46441, 60),
(53533, 51385, 93294, 49),
(24575, 19076, 36911, 120),
(9307, 8498, 51898, 80),
(11245, 10776, 44764, 40),
(30239, 25732, 63530, 60),
(9942, 10011, 46441, 100),
(93238, 91104, 68233, 28),
(80286, 74413, 69886, 20),
(30407, 25732, 69886, 20),
(78905, 73418, 69886, 3),
(30528, 26133, 11319, 30),
(75308, 69871, 68233, 42),
(9777, 10011, 4911, 30),
(51805, 50081, 61757, 47),
(40581, 36228, 51898, 30),
(37362, 30755, 61757, 80),
(15360, 13944, 36420, 80),
(6326, 4509, 61757, 120);

INSERT INTO submissions (submission_id, hacker_id, challenge_id, score)
VALUES
(87319, 82542, 69855, 14),
(87244, 82542, 19274, 38),
(6368, 4509, 99326, 40),
(52863, 50393, 60691, 24),
(31351, 26243, 69855, 40),
(34466, 28275, 69855, 40),
(2708, 1434, 61757, 0),
(9371, 8498, 60691, 100),
(17436, 14372, 37472, 120),
(35067, 28299, 36911, 120),
(89465, 85242, 69855, 4),
(91859, 90106, 99326, 70),
(33598, 27232, 93294, 60),
(91050, 89507, 13910, 106),
(44311, 40257, 46441, 60),
(89890, 87768, 69886, 9),
(1727, 1194, 19274, 0),
(11696, 10857, 13910, 100),
(26296, 20534, 69886, 20),
(90526, 89033, 51898, 18),
(84991, 79803, 25419, 19),
(99261, 99559, 11319, 22),
(79690, 74160, 69855, 39),
(23660, 18690, 61757, 80),
(90556, 89033, 55235, 40),
(89568, 87768, 13910, 113),
(76795, 71525, 51898, 14),
(41349, 37704, 4911, 40),
(70112, 65817, 36911, 91),
(1309, 929, 19274, 0),
(17657, 14372, 37472, 120),
(60835, 57147, 69886, 4),
(42977, 39771, 46441, 60),
(99796, 99559, 63530, 23),
(18437, 14658, 51898, 30),
(22744, 17762, 63530, 60),
(4615, 2746, 13910, 0),
(13809, 13523, 19274, 120),
(55450, 51906, 69855, 34),
(18118, 14658, 36911, 120),
(80684, 74553, 46441, 32),
(97350, 98095, 36911, 98),
(57907, 54300, 68233, 18),
(53316, 51385, 68233, 47),
(8409, 7671, 37472, 80),
(15231, 13944, 25419, 80),
(50863, 49789, 13910, 120),
(15851, 14246, 13910, 120),
(98029, 99104, 25419, 50),
(44335, 40257, 69886, 20),
(25893, 20504, 61757, 80),
(31669, 26253, 60691, 40),
(59472, 55635, 4911, 34),
(87542, 82704, 36911, 96),
(30742, 26133, 51898, 30),
(16142, 14246, 37472, 120),
(41032, 36322, 13910, 120),
(74106, 68709, 44764, 9),
(24307, 19076, 19274, 120),
(87072, 81936, 68233, 40),
(50669, 49652, 63530, 60),
(96382, 96546, 25419, 65),
(8230, 5828, 69855, 100),
(48379, 45785, 93294, 60),
(71938, 66414, 61757, 47),
(23839, 18983, 36911, 120),
(59468, 55107, 99326, 17),
(18849, 14777, 13910, 120),
(2838, 1842, 44764, 0),
(12441, 12539, 61757, 80),
(63297, 59640, 4911, 13),
(96350, 96546, 19274, 94),
(68970, 64383, 4911, 8),
(88977, 85039, 37472, 112),
(4059, 2319, 36420, 0),
(64044, 59853, 44764, 24),
(93575, 91557, 61757, 26),
(85364, 79803, 93294, 19),
(40491, 36228, 37472, 120),
(85718, 80659, 46441, 51),
(86616, 81751, 69855, 7),
(47313, 44188, 69855, 40),
(65966, 61506, 4911, 23),
(22951, 18330, 44764, 30),
(94975, 92776, 60691, 12),
(97010, 97990, 36420, 37),
(45779, 41319, 69855, 40),
(79869, 74413, 11319, 7),
(45513, 41293, 93294, 60),
(70608, 65900, 68233, 22),
(4595, 2746, 4911, 0),
(66856, 61703, 25419, 54),
(61222, 57650, 51898, 18),
(36975, 30721, 44764, 30),
(95456, 95822, 13910, 75),
(10714, 10776, 4911, 100),
(75471, 70325, 13910, 74),
(33085, 27232, 36911, 120),
(66821, 61703, 19274, 8),
(26828, 21463, 44764, 30),
(59086, 55107, 55235, 28),
(90272, 89033, 25419, 19),
(41995, 38852, 36911, 120),
(19271, 14863, 11319, 30),
(97035, 97990, 46441, 6),
(81908, 74932, 61757, 44),
(10209, 10011, 69886, 100),
(79275, 74160, 4911, 31),
(63602, 59640, 63530, 57),
(23834, 18690, 69855, 40),
(55560, 51906, 69886, 11),
(68547, 62669, 93294, 36),
(56460, 52274, 93294, 7),
(33517, 27232, 61757, 80),
(51955, 50274, 13910, 34),
(21969, 17295, 61757, 80),
(94311, 91744, 68233, 11),
(73832, 68645, 61757, 67),
(85422, 79803, 99326, 29),
(560, 72, 36911, 0),
(76604, 71525, 11319, 20),
(2095, 1194, 68233, 0),
(37157, 30755, 19274, 120),
(26026, 20534, 46441, 60),
(55247, 51906, 37472, 21),
(11826, 10857, 46441, 100),
(71391, 66031, 37472, 28),
(99382, 99559, 25419, 4),
(71046, 65903, 60691, 13),
(66567, 61647, 68233, 65),
(1471, 929, 44764, 0),
(2577, 1434, 46441, 0),
(33931, 28250, 51898, 30),
(69069, 64383, 55235, 27),
(37574, 32121, 4911, 40),
(49013, 47641, 55235, 60),
(99446, 99559, 36911, 61),
(32449, 26895, 37472, 120),
(64635, 59907, 13910, 3),
(30737, 26133, 46441, 60),
(53089, 50393, 99326, 49),
(77857, 73095, 69855, 14),
(8801, 8285, 36911, 60),
(73080, 68141, 63530, 27),
(15126, 13944, 4911, 40),
(67574, 61885, 46441, 40),
(2828, 1842, 36420, 0),
(77734, 72944, 68233, 65),
(36344, 30128, 46441, 60),
(37328, 30755, 60691, 40),
(38134, 32121, 68233, 80),
(8188, 5828, 63530, 40),
(28168, 23278, 69855, 40),
(98613, 99113, 4911, 10),
(91388, 89507, 68233, 14),
(35328, 28299, 46441, 60),
(57844, 54300, 60691, 15),
(98485, 99104, 69886, 8),
(8986, 8285, 68233, 100),
(12063, 10857, 69855, 40),
(43357, 39782, 68233, 80),
(83500, 75984, 46441, 60),
(32244, 26289, 69855, 40),
(21874, 17295, 36911, 120),
(38598, 32172, 99326, 80),
(6602, 5135, 46441, 20),
(70368, 65817, 93294, 45),
(5440, 3395, 61757, 30),
(57430, 54055, 55235, 23),
(43139, 39782, 19274, 120),
(76621, 71525, 13910, 30),
(47301, 44188, 68233, 80),
(20920, 16259, 13910, 120),
(77548, 72944, 44764, 6),
(60031, 56050, 69886, 6),
(92264, 90500, 93294, 53),
(26246, 20534, 61757, 80),
(45941, 42052, 37472, 120),
(88418, 83194, 99326, 51),
(84808, 79555, 61757, 44),
(30001, 25238, 68233, 80),
(52753, 50393, 37472, 38),
(16986, 14366, 61757, 80),
(50713, 49652, 93294, 60),
(49214, 48984, 25419, 80),
(43537, 40226, 37472, 120),
(28099, 23278, 51898, 30),
(57993, 54300, 93294, 58),
(32649, 26895, 61757, 80),
(4210, 2729, 4911, 0),
(52051, 50274, 36911, 82),
(78959, 73418, 93294, 41),
(16717, 14363, 69855, 40),
(81714, 74932, 37472, 11),
(11102, 10776, 36420, 40),
(66523, 61647, 46441, 53),
(36115, 30128, 4911, 40),
(38983, 32254, 69886, 20),
(42330, 39277, 25419, 80),
(92538, 90653, 44764, 4);

INSERT INTO submissions (submission_id, hacker_id, challenge_id, score)
VALUES
(99227, 99559, 4911, 12),
(38887, 32254, 51898, 30),
(60429, 57147, 51898, 23),
(54513, 51503, 44764, 30),
(60007, 56050, 63530, 12),
(71202, 66031, 4911, 12),
(46721, 43892, 61757, 80),
(65697, 60738, 51898, 11),
(16731, 14363, 69886, 20),
(52776, 50393, 51898, 21),
(65237, 59907, 69886, 4),
(34239, 28275, 44764, 30),
(1021, 270, 37472, 0),
(40403, 36228, 4911, 40),
(63384, 59640, 55235, 32),
(990, 270, 19274, 0),
(22875, 18330, 19274, 120),
(40797, 36228, 68233, 80),
(57422, 54055, 36911, 45),
(40160, 35583, 60691, 40),
(14028, 13523, 61757, 80),
(48360, 45785, 69855, 40),
(54904, 51906, 11319, 29),
(82635, 75773, 44764, 4),
(37478, 30755, 99326, 80),
(19133, 14777, 61757, 80),
(78282, 73355, 4911, 33),
(95704, 95822, 68233, 23),
(13632, 13391, 60691, 40),
(97360, 98095, 51898, 28),
(31353, 26243, 93294, 60),
(22946, 18330, 37472, 120),
(77346, 72944, 13910, 24),
(5979, 3768, 93294, 100),
(31235, 26243, 25419, 80),
(31141, 26243, 4911, 40),
(48720, 46205, 69855, 40),
(17328, 14372, 36420, 80),
(9476, 9761, 25419, 20),
(14583, 13762, 36420, 80),
(215, 72, 11319, 0),
(65284, 60412, 46441, 50),
(71945, 66414, 69886, 9),
(71182, 65903, 69855, 25),
(90298, 89033, 36911, 84),
(68500, 62669, 69855, 22),
(9549, 9761, 46441, 100),
(31813, 26253, 61757, 80),
(35682, 28614, 51898, 30),
(67306, 61703, 69855, 8),
(31532, 26253, 37472, 120),
(85363, 79803, 69886, 19),
(81848, 74932, 46441, 14),
(96933, 97708, 44764, 9),
(13832, 13523, 51898, 30),
(47321, 45386, 13910, 120),
(55898, 52184, 60691, 3),
(85520, 80659, 36911, 35),
(23342, 18690, 4911, 40),
(97450, 98095, 99326, 30),
(74148, 68709, 68233, 64),
(65997, 61506, 19274, 43),
(76695, 71525, 19274, 108),
(70607, 65900, 63530, 57),
(30091, 25732, 44764, 30),
(34053, 28275, 4911, 40),
(20710, 15719, 69855, 40),
(43609, 40226, 44764, 30),
(7114, 5611, 68233, 60),
(3542, 1842, 93294, 0),
(70675, 65900, 99326, 26),
(55642, 51906, 99326, 52),
(48656, 46205, 44764, 30),
(65551, 60738, 25419, 66),
(24612, 19076, 46441, 60),
(80642, 74553, 37472, 76),
(9975, 10011, 55235, 30),
(27411, 22196, 11319, 30),
(80797, 74553, 93294, 55),
(95628, 95822, 61757, 57),
(27539, 22196, 60691, 40),
(25871, 20504, 55235, 60),
(80565, 74553, 36911, 74),
(13637, 13391, 69886, 20),
(98952, 99113, 69855, 17),
(96869, 97708, 19274, 5),
(58651, 55007, 46441, 4),
(54811, 51503, 60691, 39),
(15433, 13944, 51898, 30),
(36159, 30128, 11319, 30),
(41988, 38852, 13910, 120),
(16144, 14246, 44764, 30),
(80115, 74413, 61757, 11),
(79778, 74160, 99326, 43),
(67711, 61885, 61757, 80),
(66166, 61506, 69855, 39),
(88675, 84304, 37472, 12),
(36901, 30721, 37472, 120),
(79049, 73961, 25419, 75),
(88180, 83194, 69886, 9),
(78448, 73355, 44764, 28),
(16775, 14366, 36420, 80),
(16035, 14246, 36420, 80),
(55029, 51906, 36911, 83),
(47449, 45386, 36911, 120),
(67782, 62626, 13910, 73),
(8005, 5828, 36911, 60),
(99659, 99559, 60691, 24),
(97211, 98095, 4911, 29),
(4119, 2319, 37472, 0),
(5145, 3395, 36420, 0),
(89260, 85039, 93294, 51),
(71087, 65903, 63530, 39),
(20351, 15719, 55235, 60),
(21900, 17295, 46441, 60),
(80215, 74413, 69855, 40),
(17322, 14372, 25419, 80),
(79604, 74160, 51898, 13),
(46287, 43892, 11319, 30),
(2523, 1434, 36911, 0),
(72455, 67640, 60691, 16),
(41671, 37704, 69855, 40),
(6172, 4509, 36420, 120),
(83569, 77119, 19274, 23),
(87429, 82704, 11319, 27),
(4295, 2729, 11319, 0),
(49574, 49307, 4911, 40),
(37797, 32121, 37472, 120),
(18737, 14777, 11319, 30),
(96279, 96117, 99326, 67),
(50210, 49652, 25419, 80),
(12567, 13122, 19274, 120),
(75942, 71121, 19274, 74),
(27467, 22196, 19274, 120),
(47601, 45386, 55235, 60),
(12464, 12539, 68233, 80),
(57482, 54055, 60691, 36),
(21895, 17295, 44764, 30),
(6154, 4509, 19274, 60),
(98709, 99113, 19274, 39),
(20253, 15719, 51898, 30),
(98639, 99113, 11319, 30),
(59273, 55107, 60691, 20),
(78081, 73193, 61757, 2),
(49421, 48984, 51898, 30),
(91882, 90500, 11319, 16),
(93424, 91557, 11319, 4),
(91642, 90106, 63530, 24),
(80927, 74558, 19274, 23),
(12541, 12539, 99326, 80),
(82897, 75773, 61757, 60),
(4468, 2729, 51898, 0),
(94864, 92776, 37472, 46),
(10698, 10084, 68233, 60),
(59530, 55635, 36420, 11),
(66448, 61647, 25419, 69),
(78890, 73418, 69855, 2),
(97102, 97990, 60691, 16),
(77916, 73095, 93294, 23),
(35920, 28614, 69855, 40),
(6099, 4509, 13910, 100),
(33568, 27232, 69886, 20),
(87999, 83194, 46441, 58),
(97359, 98095, 46441, 16),
(94634, 92776, 25419, 76),
(51643, 49789, 99326, 35),
(79289, 74160, 11319, 9),
(68615, 62764, 13910, 24),
(95430, 93514, 46441, 17),
(43833, 40226, 63530, 60),
(85742, 80659, 51898, 22),
(63963, 59853, 25419, 68),
(88754, 84304, 61757, 74),
(14995, 13762, 55235, 60),
(68304, 62669, 19274, 42),
(55277, 51906, 46441, 2),
(26466, 21212, 46441, 60),
(54128, 51503, 13910, 13),
(80841, 74558, 11319, 25),
(25934, 20504, 99326, 80),
(16774, 14366, 25419, 80),
(22065, 17295, 69886, 20),
(38934, 32254, 55235, 60),
(71829, 66414, 46441, 57),
(35914, 28614, 68233, 80),
(97107, 97990, 63530, 16),
(75138, 69871, 44764, 29),
(59575, 55635, 44764, 24),
(53243, 51385, 60691, 19),
(49237, 48984, 36420, 80),
(30976, 26133, 69855, 40),
(46720, 43892, 55235, 60),
(90667, 89033, 68233, 28),
(8934, 8285, 60691, 30),
(13228, 13380, 51898, 30),
(47849, 45785, 36911, 120),
(43231, 39782, 60691, 40),
(13466, 13391, 36420, 80),
(94240, 91744, 60691, 40),
(91222, 89507, 60691, 39);

INSERT INTO submissions (submission_id, hacker_id, challenge_id, score) VALUES
(95247, 92776, 99326, 23),
(60754, 57147, 63530, 36),
(97129, 97990, 69855, 20),
(42223, 39277, 19274, 120),
(30615, 26133, 37472, 120),
(10215, 10011, 99326, 60),
(57209, 53315, 68233, 25),
(47082, 44188, 37472, 120),
(41359, 37704, 25419, 80),
(7413, 5720, 44764, 20),
(89452, 85242, 68233, 13),
(15684, 13944, 93294, 60),
(72341, 67640, 36911, 37),
(5598, 3768, 11319, 20),
(11573, 10776, 99326, 120),
(78664, 73418, 44764, 19),
(51856, 50081, 69886, 19),
(25954, 20534, 19274, 120),
(30978, 26133, 69886, 20),
(30388, 25732, 69855, 40),
(89181, 85039, 68233, 74),
(72902, 68141, 36911, 34),
(6903, 5275, 68233, 100),
(75318, 69871, 69855, 26),
(92234, 90500, 69886, 4),
(97570, 98128, 25419, 76),
(59309, 55107, 61757, 43),
(94472, 91744, 93294, 15),
(52619, 50393, 19274, 17),
(57613, 54055, 93294, 57),
(6338, 4509, 69855, 60),
(76231, 71121, 60691, 37),
(67701, 61885, 60691, 34),
(50140, 49652, 19274, 120),
(65431, 60412, 69886, 4),
(35632, 28614, 36420, 80),
(8451, 7671, 99326, 120),
(28719, 23678, 99326, 80),
(13032, 13380, 13910, 120),
(62971, 59326, 69855, 31),
(41293, 36322, 63530, 60),
(40716, 36228, 60691, 40),
(74467, 68908, 25419, 17),
(16170, 14246, 61757, 80),
(41092, 36322, 36911, 120),
(62980, 59326, 69886, 15),
(51504, 49789, 69855, 20),
(95981, 96117, 36911, 17),
(43638, 40226, 55235, 60),
(84666, 79555, 19274, 89),
(79996, 74413, 36911, 83),
(27878, 23278, 19274, 120),
(99547, 99559, 37472, 41),
(35288, 28299, 44764, 30),
(19866, 15719, 4911, 40),
(56984, 53315, 44764, 24),
(18693, 14658, 69886, 20),
(23967, 18983, 68233, 80),
(70289, 65817, 69886, 16),
(64516, 59853, 69855, 8),
(29329, 25184, 55235, 60),
(75388, 70325, 4911, 30),
(38144, 32172, 13910, 120),
(91679, 90106, 69855, 3),
(48671, 46205, 61757, 80),
(88843, 84653, 4911, 13),
(65449, 60412, 99326, 35),
(52822, 50393, 55235, 4),
(10086, 10011, 61757, 100),
(34019, 28250, 63530, 60),
(61198, 57650, 46441, 11),
(84549, 77211, 99326, 73),
(58473, 55007, 36911, 114),
(41375, 37704, 36420, 80),
(33819, 28250, 25419, 80),
(47252, 44188, 61757, 80),
(10166, 10011, 69855, 100),
(23042, 18330, 61757, 80),
(13384, 13391, 25419, 80),
(79439, 74160, 37472, 76),
(81490, 74558, 69886, 13),
(59626, 55635, 69855, 23),
(21463, 16259, 69886, 20),
(88589, 84304, 19274, 40),
(80093, 74413, 46441, 36),
(65260, 60412, 36420, 45),
(57155, 53315, 61757, 49),
(57301, 53315, 93294, 8),
(79537, 74160, 44764, 5),
(29589, 25238, 25419, 80),
(58951, 55007, 69886, 20),
(76356, 71121, 69886, 9),
(4431, 2729, 46441, 0),
(60825, 57147, 68233, 15),
(36891, 30721, 19274, 120),
(98374, 99104, 51898, 8),
(86378, 81751, 51898, 10),
(31479, 26253, 13910, 120),
(28727, 24663, 4911, 40),
(33996, 28250, 60691, 40),
(56521, 52500, 46441, 56),
(35608, 28614, 19274, 120),
(1756, 1194, 44764, 0),
(5491, 3395, 69855, 120),
(91578, 90106, 51898, 14),
(91584, 90106, 60691, 10),
(44707, 41293, 4911, 40),
(63258, 59326, 99326, 14),
(68332, 62669, 25419, 51),
(42019, 38852, 37472, 120),
(32072, 26289, 13910, 120),
(88107, 83194, 68233, 47),
(9787, 10011, 11319, 100),
(58876, 55007, 60691, 33),
(59603, 55635, 68233, 16),
(93201, 91104, 63530, 39),
(41982, 38852, 4911, 40),
(31112, 26133, 93294, 60),
(30036, 25732, 4911, 40),
(68998, 64383, 25419, 41),
(25293, 19448, 36911, 120),
(3570, 1842, 99326, 0),
(8925, 8285, 46441, 80),
(46332, 43892, 13910, 120),
(56946, 53315, 37472, 118),
(20202, 15719, 46441, 60),
(46726, 43892, 63530, 60),
(57830, 54300, 51898, 20),
(1288, 270, 93294, 0),
(13350, 13391, 19274, 120),
(22092, 17295, 93294, 60),
(48021, 45785, 44764, 30),
(78042, 73193, 36911, 47),
(50746, 49789, 4911, 40),
(72719, 67640, 93294, 57),
(92373, 90653, 36911, 52),
(54112, 51410, 69855, 19),
(50922, 49789, 37472, 6),
(94292, 91744, 63530, 56),
(15939, 14246, 25419, 80),
(66618, 61647, 93294, 32),
(45650, 41319, 11319, 30),
(41462, 37704, 37472, 120),
(79758, 74160, 93294, 51),
(16759, 14366, 19274, 120),
(46521, 43892, 44764, 30),
(88056, 83194, 61757, 42),
(15091, 13762, 99326, 80),
(4172, 2319, 61757, 0),
(88128, 83194, 69855, 34),
(79714, 74160, 69886, 8),
(73351, 68141, 69855, 34),
(54319, 51503, 36420, 18),
(36475, 30128, 60691, 40),
(65693, 60738, 44764, 28),
(49699, 49307, 36420, 80),
(37239, 30755, 51898, 30),
(85772, 80659, 68233, 1),
(85081, 79803, 55235, 45),
(60037, 56050, 93294, 12),
(85438, 80659, 4911, 4),
(16777, 14366, 36911, 120),
(12739, 13122, 60691, 40),
(4631, 2746, 19274, 0),
(89471, 85242, 69886, 3),
(9382, 8498, 68233, 20),
(9649, 9761, 69886, 40),
(66781, 61703, 11319, 18),
(88779, 84304, 93294, 45),
(57305, 54055, 11319, 29),
(26848, 21463, 46441, 60),
(73577, 68141, 99326, 72),
(34253, 28275, 51898, 30),
(88625, 84304, 36420, 59),
(47831, 45785, 19274, 120),
(18109, 14658, 36420, 80),
(48857, 47641, 36420, 80),
(56883, 53315, 13910, 95),
(37898, 32121, 60691, 40),
(43536, 40226, 25419, 80),
(35854, 28614, 63530, 60),
(78294, 73355, 11319, 10),
(46642, 43892, 46441, 60),
(24145, 18983, 93294, 60),
(81661, 74932, 36420, 47),
(53702, 51410, 25419, 27),
(85564, 80659, 37472, 13),
(93968, 91744, 37472, 115),
(33856, 28250, 36911, 120),
(32572, 26895, 51898, 30),
(9089, 8285, 69886, 120),
(54564, 51503, 46441, 11),
(73924, 68709, 4911, 18),
(81198, 74558, 63530, 3),
(78800, 73418, 61757, 64),
(32338, 26895, 4911, 40),
(43875, 40226, 68233, 80),
(77459, 72944, 19274, 71),
(43739, 40226, 60691, 40),
(41643, 37704, 60691, 40);

INSERT INTO submissions (submission_id, hacker_id, challenge_id, score) VALUES
(74567, 68908, 36911, 38),
(78355, 73355, 25419, 51),
(32094, 26289, 55235, 60),
(23606, 18690, 25419, 80),
(85076, 79803, 44764, 14),
(35204, 28299, 37472, 120),
(94901, 92776, 44764, 28),
(42491, 39277, 36911, 120),
(16286, 14246, 93294, 60),
(36766, 30721, 13910, 120),
(28960, 24663, 93294, 60),
(4202, 2319, 99326, 0),
(34321, 28275, 60691, 40),
(1149, 270, 63530, 0),
(91307, 89507, 63530, 1),
(41509, 37704, 44764, 30),
(82729, 75773, 51898, 29),
(74906, 69871, 25419, 69),
(24796, 19076, 55235, 60),
(1601, 929, 60691, 0),
(72184, 67640, 36420, 56),
(82467, 75773, 36911, 21),
(6712, 5275, 37472, 100),
(1319, 929, 25419, 0),
(47033, 44188, 13910, 120),
(96044, 96117, 44764, 30),
(70979, 65903, 51898, 8),
(23955, 18983, 61757, 80),
(46787, 43892, 69855, 40),
(43484, 39782, 99326, 80),
(78182, 73193, 69855, 2),
(93045, 91104, 46441, 12),
(6402, 5135, 19274, 20),
(83411, 75984, 37472, 26),
(23574, 18690, 19274, 120),
(66422, 61647, 13910, 23),
(45972, 42052, 44764, 30),
(78616, 73418, 25419, 64),
(32272, 26289, 93294, 60),
(87608, 82704, 55235, 20),
(62564, 57947, 99326, 17),
(12249, 12539, 19274, 120),
(35578, 28614, 4911, 40),
(83568, 75984, 99326, 28),
(76588, 71525, 4911, 9),
(64889, 59907, 44764, 12),
(77821, 73095, 55235, 45),
(8770, 8285, 19274, 30),
(4942, 2746, 99326, 0),
(5658, 3768, 36420, 100),
(96980, 97708, 68233, 36),
(4187, 2319, 93294, 0),
(89158, 85039, 60691, 36),
(16344, 14363, 13910, 120),
(77627, 72944, 63530, 55),
(65035, 59907, 51898, 23),
(25775, 20504, 44764, 30),
(70157, 65817, 55235, 28),
(1301, 929, 13910, 0),
(92154, 90500, 51898, 23),
(42211, 39277, 13910, 120),
(12767, 13122, 63530, 60),
(9505, 9761, 36420, 20),
(95806, 96117, 4911, 6),
(58205, 55007, 11319, 2),
(77066, 72757, 46441, 27),
(21625, 16259, 99326, 80),
(78063, 73193, 46441, 39),
(58246, 55007, 13910, 11),
(24961, 19076, 69886, 20),
(17144, 14372, 11319, 30),
(3147, 1842, 61757, 0),
(32308, 26289, 99326, 80),
(42130, 38852, 99326, 80),
(72172, 67640, 25419, 39),
(73664, 68645, 25419, 70),
(87376, 82542, 99326, 29),
(91400, 89507, 69886, 11),
(5985, 4509, 4911, 100),
(24980, 19076, 93294, 60),
(14536, 13762, 25419, 80),
(2746, 1434, 69886, 0),
(31844, 26253, 68233, 80),
(86835, 81936, 25419, 50),
(78817, 73418, 68233, 37),
(35575, 28299, 69855, 40),
(36177, 30128, 13910, 120),
(12200, 10857, 93294, 60),
(71621, 66414, 36420, 14),
(19324, 14863, 13910, 120),
(71982, 66414, 93294, 3),
(55705, 52184, 37472, 98),
(39856, 35583, 25419, 80),
(80379, 74553, 4911, 6),
(86493, 81751, 55235, 6),
(17124, 14366, 69886, 20),
(46518, 43892, 37472, 120),
(82408, 75773, 36420, 52),
(53776, 51410, 44764, 17),
(2716, 1434, 68233, 0),
(99622, 99559, 46441, 57),
(40294, 35583, 69886, 20),
(80696, 74553, 68233, 60),
(14194, 13523, 99326, 80),
(49553, 48984, 68233, 80),
(23143, 18330, 93294, 60),
(57897, 54300, 63530, 20),
(77819, 73095, 36420, 35),
(34222, 28275, 36911, 120),
(11692, 10857, 11319, 60),
(9626, 9761, 55235, 100),
(48715, 46205, 63530, 60),
(78980, 73418, 99326, 62),
(16155, 14246, 51898, 30),
(74246, 68709, 99326, 15),
(59814, 56050, 51898, 27),
(8127, 5828, 60691, 80),
(63872, 59853, 19274, 101),
(16329, 14363, 4911, 40),
(73829, 68645, 60691, 38),
(8632, 8205, 68233, 100),
(59632, 55635, 69886, 10),
(999, 270, 36911, 0),
(28266, 23678, 36911, 120),
(11170, 10776, 36911, 40),
(18310, 14658, 44764, 30),
(77311, 72944, 11319, 17),
(85748, 80659, 60691, 34),
(88084, 83194, 63530, 51),
(54062, 51410, 61757, 49),
(51784, 50081, 55235, 34),
(7472, 5720, 55235, 20),
(35942, 28614, 69886, 20),
(42120, 38852, 69855, 40),
(5152, 3395, 36911, 0),
(37107, 30721, 63530, 60),
(69035, 64383, 46441, 22),
(93850, 91744, 13910, 25),
(92065, 90500, 13910, 76),
(12714, 13122, 36420, 80),
(82733, 75773, 60691, 7),
(93732, 91744, 11319, 9),
(88737, 84304, 55235, 7),
(99825, 99559, 68233, 70),
(60055, 57147, 4911, 21),
(24953, 19076, 69855, 40),
(58376, 55007, 36420, 47),
(10703, 10084, 93294, 30),
(11281, 10776, 51898, 60),
(16513, 14363, 37472, 120),
(40790, 36228, 61757, 80),
(12410, 12539, 46441, 60),
(60183, 57147, 13910, 8),
(2676, 1434, 60691, 0),
(89480, 87768, 4911, 7),
(33985, 28250, 55235, 60),
(38756, 32254, 36911, 120),
(41549, 37704, 46441, 60),
(89978, 89033, 4911, 12),
(48186, 45785, 51898, 30),
(65224, 59907, 69855, 13),
(61261, 57650, 55235, 55),
(91113, 89507, 19274, 84),
(36692, 30128, 69855, 40),
(35638, 28614, 36911, 120),
(92686, 90653, 69886, 16),
(23909, 18983, 51898, 30),
(82291, 74932, 99326, 67),
(7162, 5611, 99326, 30),
(63150, 59326, 93294, 29),
(67450, 61885, 37472, 53),
(97168, 97990, 69886, 16),
(47459, 45386, 37472, 120),
(15548, 13944, 63530, 60),
(23658, 18690, 60691, 40),
(43628, 40226, 51898, 30),
(76853, 72757, 4911, 6),
(42811, 39771, 4911, 40),
(2859, 1842, 51898, 0),
(1750, 1194, 37472, 0),
(81395, 74558, 68233, 29),
(42963, 39771, 37472, 120),
(4583, 2729, 63530, 0),
(59433, 55107, 93294, 21),
(33525, 27232, 63530, 60),
(91501, 90106, 36911, 63),
(56189, 52274, 36911, 67),
(27877, 22196, 99326, 80),
(68695, 62764, 25419, 71),
(56597, 52500, 55235, 25),
(2813, 1842, 13910, 0),
(15020, 13762, 63530, 60),
(29183, 25184, 25419, 80),
(62405, 57947, 61757, 61),
(77735, 73095, 4911, 36),
(61453, 57694, 19274, 86),
(19975, 15719, 44764, 30),
(60356, 57147, 36911, 89),
(32965, 27232, 4911, 40),
(35530, 28299, 68233, 80);

INSERT INTO submissions (submission_id, hacker_id, challenge_id, score) VALUES
(33056, 27232, 25419, 80),
(51489, 49789, 61757, 79),
(70974, 65903, 46441, 41),
(84935, 79803, 11319, 9),
(11902, 10857, 68233, 80),
(77076, 72757, 51898, 17),
(8666, 8205, 93294, 30),
(61560, 57694, 46441, 24),
(79684, 74160, 63530, 36),
(30554, 26133, 13910, 120),
(73334, 68141, 68233, 4),
(63563, 59640, 61757, 70),
(61042, 57650, 36911, 103),
(82005, 74932, 68233, 45),
(75272, 69871, 63530, 12),
(65251, 60412, 19274, 10),
(60861, 57147, 93294, 30),
(58921, 55007, 61757, 78),
(71550, 66031, 93294, 54),
(65292, 60412, 55235, 28),
(46083, 42052, 68233, 80),
(10905, 10776, 19274, 60),
(54982, 51906, 36420, 51),
(41192, 36322, 51898, 30),
(67801, 62626, 19274, 106),
(67042, 61703, 55235, 41),
(26160, 20534, 51898, 30),
(97925, 99104, 4911, 34),
(13972, 13523, 55235, 60),
(39757, 35583, 19274, 120),
(97851, 98128, 99326, 71),
(21172, 16259, 36420, 80),
(12506, 12539, 69855, 40),
(52261, 50274, 63530, 19),
(52168, 50274, 44764, 23),
(84006, 77119, 93294, 51),
(89074, 85039, 51898, 20),
(81003, 74558, 46441, 18),
(50110, 49652, 13910, 120),
(57808, 54300, 46441, 39),
(11463, 10776, 68233, 120),
(8714, 8285, 13910, 80),
(71092, 65903, 68233, 18),
(13758, 13523, 4911, 40),
(95593, 95822, 51898, 17),
(98565, 99104, 93294, 44),
(92991, 91104, 19274, 95),
(48431, 46205, 4911, 40),
(88793, 84304, 99326, 40),
(77992, 73193, 4911, 35),
(68796, 62764, 61757, 17),
(40632, 36228, 55235, 60),
(6792, 5275, 60691, 60),
(77054, 72757, 44764, 14),
(79047, 73961, 13910, 63),
(44433, 40257, 99326, 80),
(61817, 57694, 93294, 46),
(39929, 35583, 36420, 80),
(22737, 17762, 55235, 60),
(61924, 57947, 25419, 33),
(23329, 18330, 99326, 80),
(56470, 52500, 36420, 27),
(49854, 49307, 51898, 30),
(35355, 28299, 60691, 40),
(22207, 17762, 19274, 120),
(59658, 56050, 36420, 60),
(98795, 99113, 44764, 7),
(90684, 89033, 93294, 56),
(37631, 32121, 36420, 80),
(38992, 32254, 93294, 60),
(4917, 2746, 93294, 0),
(86879, 81936, 36420, 20),
(49487, 48984, 63530, 60),
(90317, 89033, 44764, 11),
(22566, 17762, 44764, 30),
(52634, 50393, 36420, 38),
(8692, 8285, 11319, 40),
(59431, 55107, 63530, 57),
(14026, 13523, 60691, 40),
(73861, 68645, 68233, 40),
(2557, 1434, 37472, 0),
(78514, 73355, 55235, 11),
(1056, 270, 51898, 0),
(61077, 57650, 44764, 30),
(9024, 8285, 69855, 30),
(27776, 22196, 69855, 40),
(25574, 20504, 4911, 40),
(40800, 36228, 69855, 40),
(64171, 59853, 51898, 19),
(83086, 75984, 19274, 14),
(68838, 62764, 69855, 26),
(63359, 59640, 25419, 37),
(49672, 49307, 19274, 120),
(58865, 55007, 55235, 18),
(72747, 68141, 4911, 29),
(10702, 10084, 69855, 120),
(13274, 13380, 69855, 40),
(55676, 52184, 36420, 1),
(30570, 26133, 36420, 80),
(68781, 62764, 37472, 115),
(49726, 49307, 36911, 120),
(56468, 52500, 25419, 2),
(31628, 26253, 51898, 30),
(4310, 2729, 25419, 0),
(80408, 74553, 25419, 4),
(18255, 14658, 37472, 120),
(8422, 7671, 69855, 30),
(7005, 5611, 44764, 100),
(8555, 8205, 36911, 20),
(87034, 81936, 60691, 23),
(16980, 14366, 55235, 60),
(38579, 32172, 69886, 20),
(55333, 51906, 55235, 15),
(7960, 5828, 13910, 20),
(76342, 71121, 68233, 47),
(6304, 4509, 55235, 20),
(52961, 50393, 63530, 30),
(84881, 79803, 4911, 17),
(61820, 57947, 4911, 16),
(35783, 28614, 60691, 40),
(88399, 83194, 93294, 44),
(59700, 56050, 36911, 44),
(6731, 5275, 46441, 80),
(74771, 69871, 19274, 81),
(57646, 54055, 99326, 49),
(8158, 5828, 61757, 60),
(98950, 99113, 68233, 23),
(45420, 41293, 61757, 80),
(60417, 57147, 37472, 81),
(53145, 51385, 19274, 14),
(65441, 60412, 93294, 37),
(72976, 68141, 46441, 40),
(69165, 64383, 68233, 58),
(3880, 2319, 19274, 0),
(24120, 18983, 69855, 40),
(78600, 73418, 11319, 9),
(84051, 77211, 25419, 75),
(47105, 44188, 46441, 60),
(8933, 8285, 51898, 120),
(62862, 59326, 63530, 27),
(17377, 14372, 36911, 120),
(28790, 24663, 36911, 120),
(78538, 73355, 63530, 28),
(84426, 77211, 60691, 6),
(51743, 50081, 36420, 9),
(35389, 28299, 63530, 60),
(39276, 34242, 51898, 30),
(65998, 61506, 44764, 28),
(6965, 5275, 99326, 120),
(94853, 92776, 36420, 15),
(33229, 27232, 44764, 30),
(26503, 21212, 61757, 80),
(4837, 2746, 61757, 0),
(80348, 74413, 99326, 37),
(16914, 14366, 51898, 30),
(67127, 61703, 61757, 6),
(76057, 71121, 51898, 16),
(81026, 74558, 60691, 10),
(1690, 1194, 4911, 0),
(66474, 61647, 36911, 113),
(37160, 30755, 44764, 30),
(47255, 44188, 63530, 60),
(42865, 39771, 13910, 120),
(66150, 61506, 61757, 27),
(55668, 52184, 4911, 40),
(34351, 28275, 68233, 80),
(65880, 60738, 69855, 33),
(49451, 48984, 61757, 80),
(91439, 90106, 11319, 1),
(29223, 25184, 44764, 30),
(71535, 66031, 61757, 2),
(83060, 75984, 13910, 86),
(58491, 55007, 37472, 14),
(70573, 65900, 37472, 79),
(46234, 42052, 69886, 20),
(38834, 32254, 44764, 30),
(80409, 74553, 36420, 9),
(68874, 62764, 99326, 53),
(19015, 14777, 55235, 60),
(95200, 92776, 68233, 19),
(79085, 73961, 61757, 64),
(79974, 74413, 36420, 50),
(32516, 26895, 46441, 60),
(23635, 18690, 44764, 30),
(92737, 90653, 99326, 30),
(19966, 15719, 36911, 120),
(91178, 89507, 44764, 2),
(32882, 26895, 69855, 40),
(69998, 65817, 4911, 28),
(87776, 83194, 13910, 56),
(33756, 27232, 99326, 80),
(73587, 68645, 19274, 4),
(4089, 2319, 36911, 0),
(51685, 50081, 19274, 4),
(59506, 55635, 13910, 51),
(83404, 75984, 36911, 45),
(55951, 52184, 69855, 34),
(55935, 52184, 68233, 72),
(26760, 21463, 11319, 30),
(41357, 37704, 19274, 120),
(86170, 81751, 13910, 119),
(4685, 2746, 36911, 0),
(91046, 89033, 99326, 66),
(27593, 22196, 61757, 80),
(81625, 74932, 25419, 61),
(18084, 14658, 25419, 80),
(32924, 26895, 93294, 60),
(68495, 62669, 68233, 28),
(53267, 51385, 61757, 20);

INSERT INTO submissions (submission_id, hacker_id, challenge_id, score) VALUES
(97981, 99104, 11319, 6),
(12388, 12539, 37472, 120),
(45896, 41319, 99326, 80),
(48325, 45785, 60691, 40),
(70583, 65900, 46441, 49),
(61538, 57694, 44764, 8),
(97785, 98128, 46441, 14),
(88870, 84653, 68233, 9),
(21490, 16259, 93294, 60),
(42489, 39277, 36420, 80),
(46010, 42052, 61757, 80),
(87246, 82542, 46441, 44),
(45523, 41293, 99326, 80),
(15762, 14246, 4911, 40),
(48339, 45785, 63530, 60),
(433, 72, 25419, 0),
(72509, 67640, 61757, 39),
(33514, 27232, 60691, 40),
(25804, 20504, 51898, 30),
(71579, 66414, 11319, 10),
(16698, 14363, 63530, 60),
(29274, 25184, 46441, 60),
(6394, 5135, 4911, 120),
(60050, 56050, 99326, 64),
(4842, 2746, 69886, 0),
(70783, 65903, 25419, 29),
(6260, 4509, 37472, 20),
(28500, 23678, 46441, 60),
(39219, 34242, 46441, 60),
(22404, 17762, 37472, 120),
(93317, 91104, 99326, 34),
(70243, 65817, 69855, 1),
(12762, 13122, 61757, 80),
(93935, 91744, 19274, 109),
(7355, 5720, 36911, 100),
(96996, 97990, 25419, 47),
(9435, 9761, 13910, 40),
(97791, 98128, 63530, 29),
(53715, 51410, 36420, 19),
(1641, 929, 93294, 0),
(11897, 10857, 60691, 40),
(49174, 48984, 11319, 30),
(7770, 5720, 69886, 100),
(75346, 69871, 69886, 2),
(85326, 79803, 69855, 4),
(35742, 28614, 55235, 60),
(15563, 13944, 69855, 40),
(69119, 64383, 61757, 11),
(39370, 34242, 60691, 40),
(75082, 69871, 37472, 107),
(96270, 96117, 69886, 8),
(82567, 75773, 37472, 73),
(78585, 73355, 69886, 5),
(44298, 40257, 36420, 80),
(59049, 55107, 46441, 23),
(32141, 26289, 68233, 80),
(50765, 49789, 11319, 30),
(71912, 66414, 60691, 2),
(17001, 14366, 63530, 60),
(46429, 43892, 25419, 80),
(56513, 52500, 36911, 112),
(97792, 98128, 93294, 23),
(74129, 68709, 61757, 15),
(22112, 17762, 4911, 40),
(39621, 35583, 13910, 120),
(810, 270, 4911, 0),
(45653, 41319, 25419, 80),
(42028, 38852, 46441, 60),
(21196, 16259, 37472, 120),
(95560, 95822, 44764, 17),
(59717, 56050, 44764, 13),
(52367, 50274, 68233, 20),
(30673, 26133, 44764, 30),
(1813, 1194, 51898, 0),
(56929, 53315, 36420, 11),
(12906, 13380, 4911, 40),
(71229, 66031, 19274, 65),
(26220, 20534, 60691, 40),
(94354, 91744, 69855, 21),
(61469, 57694, 25419, 57),
(92989, 91104, 13910, 86),
(66682, 61647, 99326, 57),
(10830, 10776, 11319, 40),
(47662, 45386, 68233, 80),
(52426, 50274, 69855, 27),
(69242, 64383, 93294, 35),
(66588, 61647, 69855, 13),
(41332, 36322, 99326, 80),
(98788, 99113, 36911, 21),
(62122, 57947, 36911, 88),
(48854, 47641, 25419, 80);


INSERT INTO submissions (submission_id, hacker_id, challenge_id, score) VALUES
(7028, 5611, 60691, 100),
(83712, 77119, 61757, 18),
(9433, 8498, 93294, 40),
(51728, 50081, 25419, 74),
(48434, 46205, 11319, 30),
(27261, 21463, 93294, 60),
(9385, 8498, 69855, 120),
(18965, 14777, 44764, 30),
(580, 72, 55235, 0),
(29904, 25238, 46441, 60),
(27017, 21463, 51898, 30),
(2804, 1842, 4911, 0),
(50586, 49652, 55235, 60),
(69975, 64617, 55235, 58),
(76410, 71121, 93294, 34),
(87587, 82704, 44764, 27),
(8115, 5828, 55235, 80),
(22780, 18330, 4911, 40),
(22125, 17762, 11319, 30),
(64548, 59853, 69886, 6),
(18570, 14658, 63530, 60),
(85504, 80659, 19274, 68),
(14032, 13523, 69886, 20),
(25544, 19448, 93294, 60),
(49171, 47641, 99326, 80),
(5871, 3768, 69886, 60),
(15885, 14246, 19274, 120),
(23058, 18330, 69855, 40),
(17665, 14372, 61757, 80),
(92607, 90653, 51898, 4),
(24989, 19076, 99326, 80),
(22806, 18330, 13910, 120),
(26260, 20534, 63530, 60),
(69909, 64617, 37472, 95),
(48724, 46205, 69886, 20),
(51068, 49789, 44764, 30),
(78765, 73418, 55235, 32),
(77039, 72757, 37472, 90),
(10581, 10084, 51898, 60),
(13513, 13391, 46441, 60),
(73887, 68645, 69886, 9),
(13132, 13380, 36420, 80),
(59020, 55107, 44764, 23),
(89067, 85039, 46441, 47),
(3862, 2319, 4911, 0),
(73722, 68645, 36420, 42),
(22745, 17762, 93294, 60),
(13181, 13380, 44764, 30),
(39190, 34242, 37472, 120),
(27671, 22196, 68233, 80),
(79917, 74413, 19274, 61),
(72785, 68141, 11319, 10),
(90176, 89033, 19274, 39),
(81683, 74932, 36911, 60),
(89831, 87768, 60691, 40),
(66310, 61506, 93294, 38),
(22205, 17762, 13910, 120),
(83013, 75984, 11319, 27),
(71446, 66031, 60691, 16),
(59860, 56050, 55235, 4),
(74113, 68709, 51898, 29),
(90647, 89033, 63530, 1),
(70123, 65817, 51898, 13),
(2941, 1842, 60691, 0),
(29374, 25184, 60691, 40),
(68417, 62669, 44764, 23),
(49806, 49307, 44764, 30),
(38804, 32254, 37472, 120),
(52022, 50274, 36420, 18),
(47847, 45785, 36420, 80),
(85759, 80659, 63530, 9),
(26342, 21212, 11319, 30),
(89414, 85242, 61757, 66),
(34665, 28275, 69886, 20),
(55789, 52184, 44764, 17),
(21440, 16259, 61757, 80),
(76149, 71121, 55235, 36),
(2822, 1842, 19274, 0),
(53831, 51410, 60691, 27),
(4506, 2729, 55235, 0),
(52576, 50274, 93294, 17),
(73403, 68141, 69886, 5),
(7458, 5720, 46441, 80),
(53589, 51410, 4911, 17),
(86309, 81751, 36911, 116),
(57489, 54055, 61757, 37),
(81494, 74558, 93294, 5),
(64297, 59853, 55235, 21),
(46081, 42052, 63530, 60),
(32079, 26289, 46441, 60),
(96427, 96546, 51898, 3),
(96931, 97708, 36420, 37),
(45684, 41319, 68233, 80),
(28553, 23678, 69855, 40),
(1698, 1194, 13910, 0),
(77271, 72757, 99326, 38),
(53079, 50393, 69855, 25),
(78163, 73193, 68233, 4),
(45132, 41293, 36420, 80),
(28140, 23278, 68233, 80),
(17798, 14372, 69886, 20),
(89376, 85242, 60691, 28),
(65272, 60412, 37472, 34),
(52253, 50274, 60691, 39),
(1487, 929, 46441, 0),
(27149, 21463, 55235, 60),
(41300, 36322, 69886, 20),
(87844, 83194, 25419, 57),
(30119, 25732, 60691, 40),
(9757, 9761, 99326, 30),
(56870, 52500, 69855, 20),
(40020, 35583, 44764, 30),
(9891, 10011, 19274, 100),
(52726, 50393, 36911, 34),
(45451, 41293, 68233, 80),
(27643, 22196, 63530, 60),
(37326, 30755, 55235, 60),
(75177, 69871, 46441, 40),
(32501, 26895, 44764, 30),
(46738, 43892, 68233, 80),
(63746, 59853, 11319, 26),
(1026, 270, 46441, 0),
(70638, 65900, 69855, 30),
(11736, 10857, 19274, 40),
(26523, 21212, 69855, 40),
(94211, 91744, 44764, 2),
(5185, 3395, 37472, 0),
(68095, 62626, 46441, 58),
(24165, 18983, 99326, 80),
(36031, 28614, 93294, 60),
(3421, 1842, 69855, 0),
(91143, 89507, 25419, 13),
(15676, 13944, 69886, 20),
(48753, 46205, 99326, 80),
(54924, 51906, 13910, 13),
(17214, 14372, 19274, 120),
(376, 72, 19274, 0),
(92352, 90500, 99326, 76),
(21664, 17295, 11319, 30),
(59940, 56050, 61757, 61),
(92161, 90500, 55235, 60),
(25449, 19448, 61757, 80),
(79394, 74160, 13910, 34),
(44267, 40257, 19274, 120),
(53500, 51385, 69886, 10),
(80149, 74413, 63530, 58),
(28627, 23678, 93294, 60),
(2026, 1194, 61757, 0),
(6658, 5135, 69886, 60),
(67602, 61885, 51898, 18),
(14813, 13762, 37472, 120),
(38497, 32172, 63530, 60),
(8072, 5828, 44764, 80),
(10244, 10084, 4911, 100),
(62558, 57947, 93294, 28),
(77525, 72944, 37472, 46),
(4555, 2729, 61757, 0),
(71688, 66414, 44764, 17),
(95211, 92776, 69886, 5),
(19696, 14863, 99326, 80),
(45079, 41293, 25419, 80),
(82337, 75773, 13910, 106),
(36192, 30128, 19274, 120),
(17445, 14372, 51898, 30),
(74114, 68709, 60691, 37),
(83535, 75984, 60691, 2),
(78532, 73355, 61757, 8),
(28974, 24663, 99326, 80),
(41662, 37704, 68233, 80),
(59602, 55635, 55235, 42),
(15067, 13762, 69886, 20),
(72397, 67640, 55235, 21),
(56164, 52274, 36420, 65),
(49074, 47641, 61757, 80),
(72997, 68141, 60691, 31),
(30454, 25732, 93294, 60),
(84693, 79555, 36911, 74),
(97397, 98095, 60691, 13),
(96985, 97990, 4911, 9),
(19566, 14863, 51898, 30),
(29580, 25184, 99326, 80),
(98892, 99113, 46441, 10),
(55395, 51906, 63530, 24),
(8391, 7671, 36911, 40),
(25567, 19448, 99326, 80),
(88658, 84304, 36911, 24),
(65121, 59907, 55235, 4),
(9873, 10011, 13910, 80),
(84224, 77211, 46441, 28),
(28478, 23678, 37472, 120),
(92080, 90500, 46441, 32),
(19193, 14777, 93294, 60),
(18971, 14777, 46441, 60),
(59811, 56050, 46441, 12),
(52774, 50393, 46441, 31),
(4785, 2746, 46441, 0),
(35620, 28614, 25419, 80),
(49845, 49307, 46441, 60),
(79426, 74160, 36420, 37),
(57560, 54055, 68233, 54);


INSERT INTO submissions (submission_id, hacker_id, challenge_id, score) VALUES
(76512, 71121, 99326, 78),
(8445, 7671, 93294, 30),
(87714, 83194, 11319, 5),
(27189, 21463, 61757, 80),
(22045, 17295, 69855, 40),
(63992, 59853, 36911, 103),
(31888, 26253, 69886, 20),
(77976, 73095, 99326, 40),
(28942, 24663, 60691, 40),
(89476, 85242, 93294, 11),
(77202, 72757, 63530, 12),
(19152, 14777, 69886, 20),
(6796, 5275, 61757, 60),
(50867, 49789, 19274, 120),
(7714, 5720, 63530, 80),
(17016, 14366, 69855, 40),
(584, 72, 60691, 0),
(6196, 4509, 36911, 100),
(30085, 25732, 37472, 120),
(48435, 46205, 19274, 120),
(61352, 57650, 68233, 44),
(10343, 10084, 36420, 40),
(93616, 91557, 69855, 10),
(26800, 21463, 37472, 120),
(73803, 68645, 46441, 37),
(51773, 50081, 51898, 24),
(74109, 68709, 46441, 36),
(66566, 61647, 63530, 43),
(53242, 51385, 51898, 28),
(6517, 5135, 25419, 40),
(26217, 20534, 55235, 60),
(80800, 74558, 4911, 35),
(84939, 79803, 19274, 11),
(12077, 10857, 69886, 20),
(67004, 61703, 46441, 51),
(72000, 67640, 4911, 22),
(75983, 71121, 46441, 40),
(42766, 39277, 99326, 80),
(58772, 55007, 51898, 7),
(85872, 80659, 93294, 7),
(50623, 49652, 61757, 80),
(69479, 64617, 4911, 23),
(47630, 45386, 63530, 60),
(46698, 43892, 51898, 30),
(51842, 50081, 63530, 14),
(70188, 65817, 63530, 51),
(12311, 12539, 36420, 80),
(25910, 20504, 69855, 40),
(44258, 40226, 99326, 80),
(26262, 20534, 69855, 40),
(84465, 77211, 61757, 21),
(86280, 81751, 36420, 70),
(40242, 35583, 63530, 60),
(36895, 30721, 36420, 80),
(88687, 84304, 46441, 57),
(55928, 52184, 63530, 53),
(81876, 74932, 55235, 58),
(50696, 49652, 69886, 20),
(42115, 38852, 61757, 80),
(21016, 16259, 19274, 120),
(56073, 52274, 25419, 2),
(7152, 5611, 93294, 120),
(74660, 68908, 99326, 54),
(75755, 70325, 63530, 24),
(23133, 18330, 69886, 20),
(4134, 2319, 60691, 0),
(45294, 41293, 36911, 120),
(64640, 59907, 19274, 94),
(36553, 30128, 61757, 80),
(46222, 42052, 69855, 40),
(69002, 64383, 36420, 5),
(87211, 81936, 93294, 55),
(46005, 42052, 60691, 40),
(62751, 59326, 13910, 25),
(51615, 49789, 93294, 38),
(48921, 47641, 37472, 120),
(84306, 77211, 55235, 59),
(4961, 3395, 4911, 0),
(95448, 95822, 4911, 12),
(47391, 45386, 36420, 80),
(10980, 10776, 25419, 100),
(53450, 51385, 69855, 3),
(85970, 80659, 99326, 79),
(70448, 65900, 36420, 37),
(83097, 75984, 25419, 47),
(40351, 35583, 99326, 80),
(6653, 5135, 55235, 30),
(64597, 59907, 11319, 27),
(30841, 26133, 60691, 40),
(5764, 3768, 46441, 80),
(57093, 53315, 55235, 1),
(68717, 62764, 36911, 109),
(99969, 99559, 93294, 33),
(81535, 74932, 13910, 19),
(16259, 14246, 68233, 80),
(51286, 49789, 60691, 9),
(57786, 54300, 37472, 54),
(99217, 99113, 99326, 23),
(74010, 68709, 11319, 28),
(25787, 20504, 46441, 60),
(8600, 8205, 46441, 80),
(45664, 41319, 37472, 120),
(69012, 64383, 36911, 100),
(50690, 49652, 69855, 40),
(6746, 5275, 55235, 40),
(12412, 12539, 51898, 30),
(31354, 26243, 99326, 80),
(7754, 5720, 69855, 30),
(98323, 99104, 37472, 45),
(99935, 99559, 69855, 25),
(54872, 51503, 99326, 54),
(72896, 68141, 25419, 70),
(66617, 61647, 69886, 18),
(88889, 84653, 93294, 58),
(68281, 62669, 13910, 104),
(34149, 28275, 13910, 120),
(40443, 36228, 19274, 120),
(67858, 62626, 25419, 65),
(56878, 53315, 4911, 35),
(19673, 14863, 69886, 20),
(23919, 18983, 60691, 40),
(33502, 27232, 51898, 30),
(20778, 15719, 99326, 80),
(50480, 49652, 51898, 30),
(31314, 26243, 60691, 40),
(16482, 14363, 36911, 120),
(84631, 79555, 13910, 103),
(86911, 81936, 51898, 27),
(67931, 62626, 36420, 30),
(45328, 41293, 44764, 30),
(95432, 93514, 68233, 45),
(40297, 35583, 93294, 60),
(59580, 55635, 51898, 27),
(72089, 67640, 19274, 72),
(26396, 21212, 37472, 120),
(25325, 19448, 37472, 120),
(86619, 81751, 93294, 54),
(38278, 32172, 36911, 120),
(24875, 19076, 60691, 40),
(37101, 30721, 60691, 40),
(36065, 28614, 99326, 80),
(86951, 81936, 55235, 32),
(34717, 28299, 4911, 40),
(76895, 72757, 11319, 18),
(85162, 79803, 61757, 59),
(97547, 98128, 11319, 19),
(15559, 13944, 68233, 80),
(91651, 90106, 68233, 3),
(70076, 65817, 11319, 8),
(5207, 3395, 44764, 0),
(9192, 8498, 13910, 30),
(49916, 49307, 63530, 60),
(68071, 62626, 37472, 88),
(32034, 26289, 4911, 40),
(38549, 32172, 69855, 40),
(66081, 61506, 51898, 29),
(45046, 41293, 13910, 120),
(77103, 72757, 61757, 50),
(96412, 96546, 37472, 79),
(87106, 81936, 69886, 16),
(7519, 5720, 60691, 100),
(8354, 7671, 25419, 40),
(79864, 74413, 4911, 4),
(71215, 66031, 13910, 71),
(2108, 1194, 99326, 0),
(28534, 23678, 60691, 40),
(46282, 43892, 4911, 40),
(53653, 51410, 11319, 17),
(17727, 14372, 68233, 80),
(19871, 15719, 11319, 30),
(19243, 14863, 4911, 40),
(78255, 73193, 69886, 2),
(37403, 30755, 93294, 60),
(1088, 270, 61757, 0),
(53775, 51410, 36911, 1),
(84139, 77211, 44764, 3),
(32966, 27232, 13910, 120),
(89328, 85242, 44764, 7),
(96741, 97708, 13910, 13),
(9367, 8498, 55235, 30),
(6059, 4509, 11319, 120),
(62357, 57947, 44764, 30),
(87654, 82704, 69855, 38),
(54773, 51503, 55235, 50),
(30916, 26133, 61757, 80),
(6366, 4509, 69886, 30),
(69091, 64383, 60691, 29),
(31455, 26253, 4911, 40),
(65371, 60412, 68233, 4),
(90060, 89033, 11319, 1),
(68278, 62669, 4911, 15),
(85630, 80659, 44764, 7),
(68213, 62626, 63530, 24),
(28729, 24663, 19274, 120),
(4678, 2746, 36420, 0),
(5040, 3395, 13910, 0),
(47795, 45785, 4911, 40),
(1170, 270, 69855, 0),
(21714, 17295, 13910, 120),
(52532, 50274, 69886, 8);


-- print the respective hacker_id and name of hackers who achieved full scores for more than one challenge.
-- Order your output in descending order by the total number of challenges in which the hacker earned a full score. 
-- If more than one hacker received full scores in same number of challenges, then sort them by ascending hacker_id.

SELECt count(*) from hackers; -- 200 rows

SELECt count(*) from challenges; -- 9 rows

SELECt count(*) from difficulty; -- 7 rows

SELECT submissions.hacker_id, hackers.name
FROM submissions
JOIN hackers ON submissions.hacker_id = hackers.hacker_id
JOIN challenges ON submissions.challenge_id = challenges.challenge_id
JOIN difficulty ON challenges.difficulty_level = difficulty.difficulty_level
WHERE submissions.score = difficulty.score
GROUP BY hacker_id, name
HAVING COUNT(*) > 1
ORDER BY COUNT(*) DESC, hacker_id ASC;

CREATE TABLE hackers2 (
    hacker_id INT,
    name VARCHAR(255)
);

INSERT INTO hackers2 (hacker_id, name)
VALUES
(10, 'Rose'),
(91, 'Angela'),
(158, 'Frank'),
(810, 'Patrick'),
(1195, 'Lisa'),
(1315, 'Kimberly'),
(1468, 'Bonnie'),
(1632, 'Michael'),
(1799, 'Todd'),
(1804, 'Joe'),
(1974, 'Earl'),
(2069, 'Robert'),
(2245, 'Amy'),
(2289, 'Pamela'),
(2373, 'Maria'),
(2689, 'Joe'),
(3432, 'Linda'),
(3487, 'Melissa'),
(3640, 'Carol'),
(3740, 'Paula'),
(3834, 'Marilyn'),
(4087, 'Jennifer'),
(4148, 'Harry'),
(4586, 'David'),
(5120, 'Julia'),
(5367, 'Kevin'),
(5443, 'Paul'),
(5734, 'James'),
(5827, 'Kelly'),
(6011, 'Robin'),
(6116, 'Ralph'),
(6973, 'Gloria'),
(7302, 'Victor'),
(7537, 'David'),
(7565, 'Joyce'),
(7846, 'Donna'),
(7961, 'Michelle'),
(8096, 'Stephanie'),
(8125, 'Gerald'),
(8157, 'Walter'),
(8505, 'Christina'),
(8549, 'Brandon'),
(9064, 'Elizabeth'),
(9642, 'Joseph'),
(9901, 'Lawrence'),
(9910, 'Marilyn'),
(10058, 'Lori'),
(10068, 'Matthew'),
(10408, 'Jesse'),
(10735, 'John'),
(10938, 'Martha'),
(10949, 'Timothy'),
(10975, 'Christine'),
(11019, 'Anthony'),
(11406, 'Paula'),
(11658, 'Kimberly'),
(11715, 'Louise'),
(12110, 'Martin'),
(12119, 'Paul'),
(12466, 'Antonio'),
(12766, 'Jacqueline'),
(12890, 'Diana'),
(13075, 'John'),
(13203, 'Dorothy'),
(13798, 'Evelyn'),
(13830, 'Phillip'),
(13905, 'Evelyn'),
(14215, 'Debra'),
(14307, 'David'),
(14389, 'Willie'),
(14391, 'Brandon'),
(14393, 'Ann'),
(14726, 'Emily'),
(15109, 'Dorothy'),
(15145, 'Jonathan'),
(16866, 'Dorothy'),
(17010, 'Marilyn'),
(17282, 'Norma'),
(17283, 'Nancy'),
(17311, 'Andrew'),
(17419, 'Keith'),
(17663, 'Benjamin'),
(17729, 'Charles'),
(17846, 'Alan'),
(17867, 'Tammy'),
(18425, 'Anna'),
(18709, 'James'),
(18839, 'Robin'),
(18939, 'Jean'),
(19032, 'Andrew'),
(19251, 'Roy'),
(19632, 'Diana'),
(19707, 'Christina'),
(19781, 'Jesse'),
(19835, 'Joyce'),
(19962, 'Patricia'),
(19980, 'Gregory'),
(20023, 'Brian'),
(20077, 'Christine'),
(20088, 'Lillian'),
(20190, 'Aaron'),
(20267, 'Dorothy'),
(20388, 'Christopher'),
(20838, 'Bobby'),
(21350, 'Bobby'),
(21813, 'Gerald'),
(21821, 'Carol'),
(21906, 'Jeremy'),
(21916, 'Clarence'),
(22396, 'Wayne'),
(22455, 'Carolyn'),
(22496, 'Margaret'),
(22557, 'Andrew'),
(22575, 'Albert'),
(22629, 'Judy'),
(23428, 'Arthur'),
(23545, 'Cynthia'),
(23812, 'Jerry'),
(23823, 'Thomas'),
(24047, 'Elizabeth'),
(24390, 'Justin'),
(24531, 'Albert'),
(25361, 'James'),
(25638, 'Stephen'),
(25684, 'Alan'),
(25687, 'Joshua'),
(25759, 'Norma'),
(25990, 'Mildred'),
(26332, 'Melissa'),
(26802, 'Paul'),
(27071, 'Gerald'),
(27258, 'Ronald'),
(27277, 'Sandra'),
(27797, 'Helen'),
(27804, 'Larry'),
(28180, 'Alan'),
(28766, 'Paul'),
(28807, 'Chris'),
(28879, 'Steven'),
(29242, 'Jennifer'),
(29340, 'Bonnie'),
(29423, 'Shirley'),
(29483, 'Jeffrey'),
(29542, 'Janet'),
(29598, 'Albert'),
(29841, 'Charles'),
(29987, 'Kelly'),
(30131, 'Bobby'),
(30401, 'Elizabeth'),
(30677, 'Keith'),
(30778, 'Jose'),
(30893, 'Ann'),
(30908, 'Helen'),
(31256, 'Jason'),
(31261, 'Gerald'),
(31426, 'Carlos'),
(31465, 'Ryan'),
(31770, 'Ashley'),
(31871, 'Julia'),
(31955, 'Harry'),
(32068, 'Sean'),
(32364, 'Julia'),
(32405, 'Marilyn'),
(32735, 'Cheryl'),
(32797, 'Susan'),
(32818, 'Judith'),
(33069, 'Ruth'),
(33177, 'Jane'),
(33273, 'Sara'),
(33489, 'Denise'),
(33625, 'Jason'),
(33710, 'Rose'),
(33787, 'Susan'),
(34185, 'Irene'),
(34385, 'Jonathan'),
(35709, 'Shawn'),
(36125, 'Julia'),
(36555, 'Linda'),
(36562, 'Melissa'),
(36608, 'Dennis'),
(37065, 'Jeremy'),
(37068, 'Patrick'),
(37092, 'Jennifer'),
(37317, 'Lillian'),
(37331, 'Charles'),
(37643, 'Philip'),
(37764, 'Jimmy'),
(38035, 'Doris'),
(38123, 'Craig'),
(38316, 'Walter'),
(38502, 'Wayne'),
(38540, 'Katherine'),
(38824, 'Mark'),
(38877, 'Barbara'),
(39309, 'Mark'),
(39395, 'Joe'),
(39582, 'Maria'),
(39618, 'John'),
(40176, 'Brian'),
(40373, 'Kimberly');

INSERT INTO hackers2 (hacker_id, name)
VALUES
(40754, 'Bonnie'),
(40792, 'Terry'),
(40841, 'Brian'),
(41031, 'Ruby'),
(41094, 'Wayne'),
(41157, 'Rebecca'),
(41362, 'Joyce'),
(41617, 'Douglas'),
(41632, 'Philip'),
(41778, 'Lori'),
(41805, 'Benjamin'),
(42260, 'Dennis'),
(42277, 'Sara'),
(42433, 'Douglas'),
(42460, 'Dennis'),
(42467, 'Ernest'),
(42856, 'Clarence'),
(43240, 'Diana'),
(43398, 'Steve'),
(43571, 'Amy'),
(43595, 'Adam'),
(43713, 'Douglas'),
(44488, 'Scott'),
(44860, 'Samuel'),
(45019, 'Louis'),
(45484, 'Jason'),
(45685, 'Bobby'),
(45773, 'Janet'),
(45855, 'Clarence'),
(45978, 'Dorothy'),
(46144, 'Sharon'),
(46186, 'Brandon'),
(46468, 'Timothy'),
(46604, 'Christina'),
(46963, 'Barbara'),
(47069, 'Jose'),
(47156, 'Kelly'),
(47793, 'Paul'),
(47822, 'Clarence'),
(47921, 'Lillian'),
(48472, 'Christine'),
(48965, 'Russell'),
(49025, 'Marie'),
(49266, 'Richard'),
(49357, 'Kenneth'),
(49695, 'Judy'),
(49769, 'Arthur'),
(50231, 'Lori'),
(50232, 'Scott'),
(50560, 'Brian'),
(50794, 'Larry'),
(51815, 'Karen'),
(52050, 'Steve'),
(52350, 'Teresa'),
(52462, 'Nicholas'),
(52467, 'Robin'),
(52640, 'Bruce'),
(52789, 'Harry'),
(52858, 'Harold'),
(52916, 'Richard'),
(52965, 'Bobby'),
(52992, 'Deborah'),
(53451, 'Jeffrey'),
(53464, 'Bobby'),
(53597, 'Rose'),
(53768, 'Douglas'),
(53786, 'Brian'),
(54015, 'Carolyn'),
(54047, 'Denise'),
(54461, 'Janet'),
(54483, 'Kathy'),
(54488, 'Catherine'),
(54510, 'Paula'),
(54729, 'Sara'),
(55111, 'Thomas'),
(55197, 'Daniel'),
(55415, 'Amy'),
(55500, 'Kenneth'),
(55678, 'Jerry'),
(55727, 'Randy'),
(56039, 'Teresa'),
(56103, 'Kelly'),
(56338, 'Jose'),
(57195, 'Beverly'),
(57231, 'Arthur'),
(57556, 'Melissa'),
(57706, 'Earl'),
(57790, 'Ryan'),
(57799, 'Margaret'),
(57873, 'Diana'),
(57970, 'Nicholas'),
(58086, 'Debra'),
(58167, 'David'),
(58209, 'Nicole'),
(58358, 'Kevin'),
(58543, 'Rachel'),
(58895, 'Janet'),
(59455, 'Virginia'),
(59527, 'Philip'),
(59748, 'Shirley'),
(59871, 'Martin'),
(59895, 'Martha'),
(60071, 'Rachel'),
(60177, 'Brian'),
(61004, 'Philip'),
(61093, 'Mark'),
(61102, 'Kenneth'),
(61206, 'Lillian'),
(61716, 'Lawrence'),
(61769, 'Marie'),
(61877, 'Earl'),
(61987, 'Brenda'),
(62259, 'Sean'),
(62563, 'Donald'),
(62858, 'Anna'),
(63026, 'Frances'),
(63104, 'Mark'),
(63263, 'Dorothy'),
(63375, 'Bruce'),
(63466, 'Stephanie'),
(63634, 'Lawrence'),
(63684, 'Randy'),
(63730, 'Sarah'),
(63803, 'Carolyn'),
(63961, 'Anna'),
(64036, 'Craig'),
(64341, 'Virginia'),
(64398, 'Nicholas'),
(64882, 'Roy'),
(65176, 'Janice'),
(65273, 'Douglas'),
(65747, 'Charles'),
(65843, 'Thomas'),
(65981, 'Karen'),
(66381, 'Harry'),
(66445, 'Carl'),
(66456, 'Stephen'),
(66551, 'Elizabeth'),
(66641, 'Shirley'),
(66655, 'Matthew'),
(67305, 'Paula'),
(67399, 'Chris'),
(67538, 'Stephen'),
(68178, 'Gloria'),
(68187, 'George'),
(68569, 'Joan'),
(68647, 'Paula'),
(68860, 'Frank'),
(69386, 'Brandon'),
(69471, 'Michelle'),
(70499, 'Dennis'),
(70916, 'Maria'),
(72168, 'Doris'),
(72253, 'Edward'),
(72311, 'Paul'),
(72321, 'Julie'),
(72609, 'Bobby'),
(72763, 'Julie'),
(72866, 'Eugene'),
(73018, 'Ruby'),
(73175, 'Russell'),
(73267, 'Jeremy'),
(73274, 'Frances'),
(73455, 'Ralph'),
(73676, 'Linda'),
(73799, 'Jessica'),
(74126, 'Fred'),
(74280, 'Catherine'),
(74320, 'Pamela'),
(74432, 'Eric'),
(74746, 'Jeremy'),
(74953, 'Rebecca'),
(75058, 'John'),
(75678, 'Barbara'),
(75719, 'Susan'),
(76022, 'Sarah'),
(76312, 'Kathryn'),
(76441, 'Sarah'),
(76786, 'Michelle'),
(76856, 'Emily'),
(77105, 'Diana'),
(77162, 'Jose'),
(77173, 'Mildred'),
(77810, 'Theresa'),
(77867, 'Jeremy'),
(78091, 'Beverly'),
(78575, 'Jennifer'),
(78612, 'Phyllis'),
(78615, 'Kathryn'),
(79179, 'Roy'),
(79612, 'Tina'),
(79739, 'Anne'),
(80004, 'Carolyn'),
(80491, 'Nicholas'),
(80568, 'Nicholas'),
(80663, 'Ralph'),
(81123, 'Michael'),
(81506, 'Deborah'),
(81559, 'Alan'),
(81589, 'Julia');

INSERT INTO hackers2 (hacker_id, name)
VALUES
(81652, 'Albert'),
(82100, 'Brenda'),
(82190, 'Frances'),
(82281, 'Denise'),
(82531, 'Mark'),
(82994, 'Bonnie'),
(83045, 'Ralph'),
(83182, 'Howard'),
(83308, 'Roy'),
(83407, 'Roy'),
(83723, 'Christina'),
(83823, 'Steve'),
(84085, 'Johnny'),
(84427, 'Cynthia'),
(84537, 'Walter'),
(84654, 'Sharon'),
(84703, 'Earl'),
(84739, 'Alan'),
(84938, 'Judy'),
(85094, 'Matthew'),
(85834, 'Julie'),
(86076, 'Jerry'),
(86085, 'Diane'),
(86127, 'Evelyn'),
(86139, 'Dennis'),
(86142, 'Douglas'),
(86203, 'Martha'),
(86280, 'Beverly'),
(86419, 'Mark'),
(86592, 'Samuel'),
(86937, 'Janet'),
(87040, 'Craig'),
(87118, 'Howard'),
(87305, 'Kathleen'),
(87524, 'Norma'),
(87544, 'Wayne'),
(87567, 'Phyllis'),
(87589, 'Jimmy'),
(87862, 'Jerry'),
(87885, 'Gregory'),
(88069, 'Jean'),
(88083, 'Anna'),
(88084, 'Alan'),
(88534, 'Steve'),
(88858, 'Bruce'),
(88875, 'Douglas'),
(88887, 'Antonio'),
(88951, 'Jeremy'),
(89295, 'Willie'),
(89514, 'Jeffrey'),
(89811, 'Jane'),
(89860, 'Larry'),
(89903, 'Katherine'),
(89990, 'Martin'),
(90125, 'Jesse'),
(90147, 'Shawn'),
(90164, 'Jack'),
(90267, 'Edward'),
(90276, 'Joyce'),
(90369, 'Christina'),
(90766, 'Doris'),
(90800, 'Cynthia'),
(91620, 'Debra'),
(91770, 'Harold'),
(92239, 'Shirley'),
(92268, 'Joyce'),
(92530, 'Justin'),
(92879, 'Harold'),
(92906, 'Amy'),
(92920, 'Louis'),
(93011, 'Tina'),
(93085, 'Laura'),
(93312, 'Keith'),
(94278, 'Dennis'),
(94337, 'Lillian'),
(94676, 'Patrick'),
(94746, 'Adam'),
(94981, 'Clarence'),
(95010, 'Victor'),
(95135, 'Lawrence'),
(95389, 'Nicholas'),
(95437, 'George'),
(95808, 'Charles'),
(95829, 'Christine'),
(96009, 'Russell'),
(96521, 'Christine'),
(96579, 'Linda'),
(96635, 'Carlos'),
(96716, 'Emily'),
(96773, 'Angela'),
(96905, 'Lawrence'),
(97338, 'Amy'),
(97353, 'Carol'),
(97630, 'Nancy'),
(97831, 'Gary'),
(98785, 'Rose'),
(99101, 'Timothy'),
(99165, 'Nancy'),
(99388, 'Mary'),
(99677, 'Joshua');

CREATE TABLE challenges2(
challenge_id INT,
hacker_id INT);

INSERT INTO challenges2(
challenge_id ,
hacker_id ) VALUES
(51744, 46963),
(81259, 26332),
(309, 5120),
(86753, 81589),
(62956, 31955),
(90320, 1315),
(83459, 33069),
(70620, 83045),
(46670, 23428),
(50899, 12766),
(47242, 23428),
(12667, 20023),
(46957, 23428),
(64492, 87544),
(41366, 77105),
(537, 5120),
(83470, 7961),
(47247, 23428),
(67267, 40373),
(35186, 33787),
(42108, 7302),
(65007, 62259),
(18020, 69471),
(2874, 96716),
(64089, 39618),
(41539, 90267),
(25554, 52050),
(32515, 86280),
(34568, 33787),
(55599, 95437),
(9063, 96009),
(60789, 5827),
(18713, 69471),
(7332, 33625),
(6555, 33625),
(55185, 95437),
(30998, 42277),
(8183, 96009),
(31672, 86280),
(89845, 56338),
(52068, 46963),
(89820, 52858),
(70490, 28879),
(21326, 18425),
(31775, 86280),
(72784, 37092),
(13589, 52462),
(51988, 46963),
(17453, 69471),
(34380, 72866),
(56741, 39582),
(45516, 37068),
(57593, 39582),
(9313, 96009),
(6530, 33625),
(2845, 96716),
(19173, 64036),
(13957, 52462),
(80978, 86127),
(63307, 20190),
(50414, 12766),
(71460, 97338),
(47059, 23428),
(70155, 79179),
(12893, 20023),
(13870, 52462),
(34706, 33787),
(39131, 19835),
(14467, 52462),
(65888, 9910),
(44470, 37068),
(13603, 52462),
(19954, 64036),
(22489, 18425),
(36807, 29483),
(7219, 33625),
(33039, 72866),
(49230, 5443),
(90021, 1632),
(56719, 39582),
(74303, 29841),
(65332, 25638),
(12103, 20023),
(86569, 61093),
(87164, 96905),
(76002, 25687),
(55500, 95437),
(79923, 41157),
(64593, 14726),
(29716, 38316),
(28111, 84085),
(45857, 33177),
(88803, 95135),
(41313, 77105),
(2801, 96716),
(30491, 31426),
(26634, 55727),
(12532, 20023),
(61160, 76022),
(34587, 33787),
(12993, 20023),
(1098, 5120),
(72282, 10408),
(47271, 23428),
(34314, 72866),
(39934, 19835),
(47943, 99388),
(81940, 81506),
(71506, 63684),
(29728, 38316),
(50274, 12766),
(53492, 52965),
(65104, 52858),
(37799, 87524),
(7329, 33625),
(21128, 18425),
(28435, 84085),
(17869, 69471),
(39628, 19835),
(62431, 13798),
(38410, 87524),
(444, 5120),
(82352, 76022),
(42944, 65843),
(82915, 57790),
(60083, 67399),
(55253, 95437),
(90035, 78091),
(73408, 85834),
(12025, 20023),
(2332, 96716),
(9433, 96009),
(85869, 59527),
(25192, 5734),
(63473, 4148),
(81190, 19781),
(1908, 5120),
(21712, 18425),
(39337, 19835),
(78387, 10949),
(74444, 67538),
(72213, 36562),
(28834, 84085),
(75574, 61206),
(40725, 77105),
(77307, 86419),
(57889, 39582),
(30684, 42277),
(39887, 19835),
(18405, 69471),
(25187, 5734),
(78261, 4087),
(18453, 69471),
(202, 5120),
(45991, 33177),
(30144, 38316),
(48177, 99388),
(4797, 41805),
(58921, 42460),
(3295, 96716),
(49920, 12766),
(53777, 52965),
(82276, 66445),
(43360, 65843),
(55697, 54461),
(78132, 20838),
(80700, 73799),
(34489, 72866),
(42764, 65843),
(1918, 96716),
(14004, 52462),
(33872, 72866),
(83651, 38824),
(58711, 24047),
(58073, 95010),
(88244, 55197),
(53354, 52965),
(11874, 77173),
(69365, 44488),
(27913, 84085),
(71919, 30401),
(35493, 29483),
(3636, 96716),
(11690, 77173),
(84412, 40841),
(71731, 30401),
(63780, 40754),
(72532, 87862),
(7891, 96009),
(46028, 33177),
(67175, 3640),
(71513, 13798),
(23879, 31465),
(87823, 73267),
(61883, 54015),
(88097, 22496),
(60570, 57799),
(10840, 77173),
(30597, 31426),
(28395, 84085),
(30154, 38316),
(72832, 78612),
(42730, 65843),
(85094, 90164),
(55605, 95437),
(72515, 41632),
(27514, 29542),
(18907, 64036),
(11845, 77173),
(13776, 52462),
(8840, 96009),
(70362, 41362),
(25409, 52050),
(22026, 18425),
(46492, 33177),
(14887, 52462),
(80593, 42856),
(17414, 69471),
(88780, 59527),
(47126, 23428),
(21257, 18425),
(48473, 5443),
(36834, 45855),
(26004, 27277),
(76642, 84427),
(66849, 19962),
(5581, 41805),
(80492, 43571),
(67922, 96773),
(34484, 72866),
(4590, 41805),
(6655, 33625),
(83926, 66551),
(67734, 92920),
(14474, 52462),
(1218, 5120),
(29388, 38316),
(38748, 87524),
(47619, 23428),
(5330, 41805),
(75693, 86419),
(46770, 23428),
(44612, 37068),
(1770, 5120),
(69192, 92268),
(85551, 14389),
(38919, 87524),
(86864, 1195),
(65421, 88875),
(31021, 42277),
(15062, 52462),
(12931, 20023),
(5576, 41805),
(83976, 87305),
(71299, 66641),
(84832, 84537),
(56964, 39582),
(63008, 41031),
(52470, 46963),
(49231, 5443),
(43332, 65843),
(9943, 77173),
(7266, 33625),
(57930, 39582),
(70087, 55678); -- 265
INSERT INTO challenges2 (challenge_id, hacker_id)
VALUES
(58977, 88951),
(1642, 5120),
(59058, 74126),
(67722, 72253),
(64766, 11019),
(7592, 33625),
(886, 5120),
(19833, 64036),
(54921, 95437),
(25969, 27277),
(23306, 38035),
(37553, 87524),
(12209, 20023),
(89778, 86592),
(60847, 37065),
(36351, 29483),
(23204, 38035),
(8778, 96009),
(43820, 27071),
(22405, 18425),
(40729, 77105),
(13480, 52462),
(36708, 29483),
(14751, 52462),
(2076, 96716),
(6948, 33625),
(34439, 72866),
(38388, 87524),
(70405, 76786),
(8181, 96009),
(72110, 78615),
(88283, 61004),
(15840, 94278),
(57144, 39582),
(69768, 74126),
(3176, 96716),
(15847, 94278),
(9610, 96009),
(63440, 52640),
(46249, 33177),
(85035, 62259),
(33584, 72866),
(305, 5120),
(26970, 21813),
(48727, 5443),
(20417, 64036),
(54797, 95437),
(38386, 87524),
(53617, 52965),
(15829, 94278),
(46376, 33177),
(84845, 13203),
(22495, 18425),
(54405, 95437),
(83641, 69386),
(4398, 41805),
(36090, 29483),
(71281, 76312),
(61741, 30677),
(49439, 72609),
(9816, 96009),
(60212, 42260),
(68772, 42467),
(72929, 25990),
(3935, 96716),
(41837, 7302),
(82232, 28807),
(24280, 31465),
(68066, 76786),
(69922, 81589),
(70730, 95829),
(11396, 77173),
(10339, 77173),
(61197, 86419),
(57695, 39582),
(16780, 94278),
(84877, 40176),
(76949, 74320),
(86740, 42260),
(63736, 17729),
(49459, 72609),
(87879, 27804),
(44336, 37068),
(25293, 5734),
(3592, 96716),
(30657, 42277),
(71652, 40176),
(53219, 46963),
(30742, 42277),
(33438, 72866),
(35799, 29483),
(82091, 69386),
(13812, 52462),
(14473, 52462),
(8186, 96009),
(20530, 64036),
(17875, 69471),
(37063, 45855),
(69456, 65273),
(59021, 83182),
(17912, 69471),
(57646, 39582),
(17950, 69471),
(53579, 52965),
(38188, 87524),
(34482, 72866),
(25677, 27277),
(24023, 31465),
(76764, 66456),
(71032, 53786),
(74817, 14393),
(32032, 86280),
(64251, 55415),
(10510, 77173),
(64220, 1195),
(36440, 29483),
(35427, 33787),
(18757, 69471),
(21320, 18425),
(71063, 84938),
(36416, 29483),
(76187, 29423),
(29049, 38316),
(21438, 18425),
(87597, 40373),
(66557, 90164),
(68232, 88951),
(20489, 64036),
(67534, 81123),
(28809, 84085),
(83328, 75678),
(66866, 74746),
(75623, 5367),
(40317, 19835),
(59900, 47793),
(83486, 89903),
(15496, 94278),
(67368, 55500),
(62905, 64398),
(74123, 37331),
(89450, 4148),
(77738, 1804),
(58903, 28766),
(71391, 57799),
(67438, 77810),
(78293, 41157),
(15268, 52462),
(88909, 43571),
(55386, 95437),
(26817, 21813),
(10270, 77173),
(77549, 80004),
(10995, 77173),
(23796, 38035),
(83109, 25638),
(42751, 65843),
(13443, 20023),
(28176, 84085),
(8920, 96009),
(14721, 52462),
(74764, 51815),
(50182, 12766),
(56057, 54461),
(90084, 83823),
(67212, 57556),
(87289, 58358),
(54038, 52965),
(38009, 87524),
(19030, 64036),
(60095, 86937),
(73281, 6011),
(40764, 77105),
(36522, 29483),
(31802, 86280),
(37348, 45855),
(77228, 66551),
(1199, 5120),
(72096, 61004),
(73780, 66641),
(29486, 38316),
(86726, 86937),
(11258, 77173),
(19605, 64036),
(41607, 90267),
(64911, 26332),
(18899, 69471),
(19501, 64036),
(26965, 21813),
(88303, 90164),
(3912, 96716),
(4148, 41805),
(78679, 41157),
(64687, 54488),
(11695, 77173),
(86627, 1195),
(72697, 2373),
(86934, 20077),
(77931, 55500),
(49498, 72609),
(32524, 86280),
(106, 5120),
(2066, 96716),
(41759, 7302),
(126, 5120),
(77438, 16866),
(56529, 54461),
(16834, 94278),
(44801, 37068),
(72759, 22496),
(49013, 5443),
(66735, 81652),
(67974, 3640),
(45235, 37068),
(14676, 52462),
(63797, 96905),
(26833, 21813),
(64018, 30131),
(64428, 40176),
(81776, 10058),
(9576, 96009),
(46749, 23428),
(55082, 95437),
(75964, 38123),
(1597, 5120),
(71983, 88887),
(73311, 82531),
(30436, 31426),
(5261, 41805),
(15429, 52462),
(30175, 31426),
(50547, 12766),
(49691, 76856),
(77241, 88951),
(47721, 23428),
(43563, 27071); -- 500

INSERT INTO challenges2 (challenge_id, hacker_id)
VALUES
(89244, 68178),
(24847, 59455),
(72437, 45773),
(36599, 29483),
(55358, 95437),
(14674, 52462),
(17272, 69471),
(9503, 96009),
(12896, 20023),
(68220, 86127),
(28154, 84085),
(46808, 23428),
(73412, 87118),
(61581, 76786),
(80011, 89811),
(14248, 52462),
(59484, 89860),
(45268, 37068),
(10188, 77173),
(38780, 87524),
(48931, 5443),
(39773, 19835),
(21581, 18425),
(35909, 29483),
(20694, 64036),
(88003, 96579),
(12956, 20023),
(53716, 52965),
(64090, 1468),
(33850, 72866),
(56202, 54461),
(87694, 44860),
(32788, 86280),
(2008, 96716),
(85564, 72763),
(90237, 79612),
(25060, 5734),
(30058, 38316),
(78789, 17663),
(17224, 94278),
(40715, 19835),
(52026, 46963),
(75734, 52350),
(51518, 12766),
(77138, 60177),
(47738, 23428),
(1612, 5120),
(63380, 2289),
(1019, 5120),
(80072, 99101),
(82014, 4586),
(49854, 76856),
(25384, 52050),
(34069, 72866),
(3403, 96716),
(21149, 18425),
(46374, 33177),
(68636, 22557),
(13925, 52462),
(58105, 95010),
(41341, 77105),
(10890, 77173),
(50207, 12766),
(48494, 5443),
(4801, 41805),
(57796, 39582),
(18918, 64036),
(25269, 5734),
(1052, 5120),
(25972, 27277),
(28631, 84085),
(75079, 58167),
(69521, 57790),
(23700, 38035),
(41528, 90267),
(74948, 70499),
(3519, 96716),
(30922, 42277),
(84383, 51815),
(29623, 38316),
(63062, 41031),
(34096, 72866),
(8855, 96009),
(26028, 27277),
(30599, 31426),
(50776, 12766),
(71122, 41094),
(41265, 77105),
(29531, 38316),
(56608, 39582),
(32384, 86280),
(25414, 52050),
(57748, 39582),
(84492, 79739),
(10295, 77173),
(17883, 69471),
(20859, 18425),
(31034, 42277),
(66832, 94981),
(63872, 56039),
(16916, 94278),
(36900, 45855),
(59806, 89860),
(79619, 91620),
(14616, 52462),
(34370, 72866),
(29953, 38316),
(7964, 96009),
(41717, 90267),
(39720, 19835),
(9012, 96009),
(36459, 29483),
(59599, 29987),
(20386, 64036),
(62055, 77810),
(23853, 31465),
(77187, 41031),
(47805, 99388),
(81457, 62563),
(24792, 58209),
(26687, 55727),
(29307, 38316),
(71152, 84739),
(76077, 25684),
(87626, 64398),
(26660, 55727),
(43795, 27071),
(38741, 87524),
(43391, 65843),
(15833, 94278),
(52409, 46963),
(2688, 96716),
(87983, 7537),
(4099, 41805),
(24925, 59455),
(37147, 45855),
(19228, 64036),
(13851, 52462),
(64125, 10068),
(78490, 96905),
(181, 5120),
(89661, 17729),
(15440, 94278),
(67704, 80663),
(27926, 84085),
(46106, 33177),
(12378, 20023),
(48736, 5443),
(16157, 94278),
(41529, 90267),
(27683, 29542),
(41412, 77105),
(15738, 94278),
(3149, 96716),
(33937, 72866),
(39387, 19835),
(63145, 97831),
(82942, 36562),
(25904, 27277),
(64124, 43398),
(59139, 1799),
(81828, 18709),
(73402, 74953),
(55522, 95437),
(22048, 18425),
(21930, 18425),
(57722, 39582),
(58234, 95010),
(35434, 33787),
(49878, 12766),
(63834, 59895),
(23384, 38035),
(59882, 20267),
(72867, 86419),
(88384, 7846),
(37808, 87524),
(87257, 84537),
(12929, 20023),
(47324, 23428),
(53518, 52965),
(52897, 46963),
(69639, 10938),
(6510, 33625),
(12331, 20023),
(39775, 19835),
(22387, 18425),
(18062, 69471),
(57597, 39582),
(10733, 77173),
(79587, 95829),
(81827, 10408),
(15484, 94278),
(5670, 41805),
(9318, 96009),
(33324, 72866),
(40532, 19835),
(64982, 90276),
(76230, 82531),
(5767, 41805),
(55531, 95437),
(6289, 33625),
(22723, 18425),
(52264, 46963),
(3375, 96716),
(51165, 12766),
(71399, 64341),
(7533, 33625),
(30482, 31426),
(63149, 2069),
(89392, 41094),
(33887, 72866),
(52509, 46963),
(84798, 64398),
(82582, 14215),
(40428, 19835),
(14204, 52462),
(4200, 41805),
(5885, 41805),
(62127, 47921),
(48103, 99388),
(15417, 52462),
(62213, 86127),
(73516, 65273),
(42676, 7302),
(31354, 42277),
(62091, 10408),
(41198, 77105),
(76778, 11658),
(74579, 14393),
(5128, 41805),
(19627, 64036),
(85749, 1468),
(18879, 69471),
(7748, 33625),
(29573, 38316),
(49032, 5443),
(87340, 25638),
(61690, 158),
(61329, 78091),
(49555, 72609),
(48597, 5443),
(67844, 95808),
(89213, 93011),
(75633, 2245),
(60714, 54483),
(67672, 96635),
(59895, 63104),
(84124, 46604),
(34522, 72866),
(82280, 98785); -- 750

INSERT INTO challenges2 (challenge_id, hacker_id)
VALUES
(30444, 31426),
(40194, 19835),
(83162, 63104),
(33888, 72866),
(80901, 65176),
(49867, 76856),
(9368, 96009),
(25043, 5734),
(28694, 84085),
(40988, 77105),
(39956, 19835),
(69062, 11658),
(6966, 33625),
(19236, 64036),
(42000, 7302),
(27979, 84085),
(46860, 23428),
(28469, 84085),
(20106, 64036),
(64769, 21916),
(11615, 77173),
(86686, 87567),
(54652, 95437),
(64792, 7846),
(1982, 96716),
(64187, 62563),
(84330, 52858),
(67372, 33710),
(54883, 95437),
(35749, 29483),
(40544, 19835),
(3472, 96716),
(43486, 65843),
(11860, 77173),
(20371, 64036),
(74671, 37065),
(11934, 20023),
(56612, 39582),
(27682, 29542),
(62722, 14307),
(34253, 72866),
(61209, 41094),
(42703, 7302),
(77840, 1799),
(38263, 87524),
(16345, 94278),
(83023, 35709),
(77148, 3640),
(25126, 5734),
(77132, 53597),
(43814, 27071),
(60039, 17283),
(30089, 38316),
(71976, 10938),
(24859, 59455),
(18031, 69471),
(19862, 64036),
(88989, 4087),
(22360, 18425),
(53046, 46963),
(19899, 64036),
(23061, 18425),
(88112, 55500),
(73476, 7846),
(15796, 94278),
(13332, 20023),
(49092, 5443),
(61085, 30401),
(76040, 81559),
(18784, 69471),
(5389, 41805),
(35096, 33787),
(2479, 96716),
(83770, 22455),
(27986, 84085),
(83383, 29598),
(80911, 9642),
(68335, 34385),
(8830, 96009),
(7069, 33625),
(86784, 1195),
(37741, 87524),
(61832, 53786),
(5150, 41805),
(51427, 12766),
(74265, 63466),
(16668, 94278),
(66504, 93011),
(85467, 18939),
(47735, 23428),
(5351, 41805),
(9884, 77173),
(51151, 12766),
(41174, 77105),
(70511, 73175),
(26720, 55727),
(63353, 7846),
(72180, 73676),
(46874, 23428),
(61509, 94676),
(2535, 96716),
(54763, 95437),
(48954, 5443),
(76379, 40841),
(27007, 21813),
(44623, 37068),
(86006, 5367),
(79307, 83182),
(28120, 84085),
(84645, 38877),
(88093, 14389),
(36377, 29483),
(53630, 52965),
(34063, 72866),
(5365, 41805),
(32866, 86280),
(81891, 80663),
(36819, 29483),
(35095, 33787),
(73171, 99165),
(25359, 52050),
(81525, 10),
(73539, 68860),
(1861, 5120),
(74399, 95135),
(24987, 59455),
(76746, 63803),
(12982, 20023),
(22224, 18425),
(80719, 45773),
(42125, 7302),
(43075, 65843),
(34387, 72866),
(84981, 4087),
(54547, 95437),
(30332, 31426),
(70815, 72253),
(80791, 30131),
(76162, 74432),
(17320, 69471),
(57161, 39582),
(14091, 52462),
(32793, 86280),
(38629, 87524),
(59326, 83823),
(62252, 58086),
(15583, 94278),
(70381, 30893),
(56031, 54461),
(76145, 33273),
(25548, 52050),
(15524, 94278),
(72682, 58895),
(24051, 31465),
(86613, 22557),
(24910, 59455),
(44915, 37068),
(74081, 87544),
(88131, 1804),
(25255, 5734),
(18901, 69471),
(734, 5120),
(10664, 77173),
(32494, 86280),
(37301, 45855),
(34963, 33787),
(85976, 19032),
(12241, 20023),
(72902, 26802),
(77179, 29423),
(62415, 41031),
(86306, 57195),
(15133, 52462),
(47771, 23428),
(81101, 4148),
(30159, 31426),
(25434, 52050),
(80922, 73018),
(6918, 33625),
(61072, 1632),
(35505, 29483),
(51515, 12766),
(27524, 29542),
(38592, 87524),
(23058, 18425),
(62156, 96905),
(66114, 86203),
(83101, 9901),
(63381, 75678),
(52495, 46963),
(78806, 20077),
(26317, 55727),
(43733, 27071),
(22967, 18425),
(86144, 92906),
(72754, 21821),
(27149, 21813),
(30133, 38316),
(44836, 37068),
(27492, 29542),
(54164, 52965),
(48823, 5443),
(7471, 33625),
(4798, 41805),
(20111, 64036),
(33662, 72866),
(25796, 27277),
(72795, 14389),
(63544, 7565),
(22986, 18425),
(49730, 76856),
(40234, 19835),
(88354, 10),
(30232, 31426),
(46463, 33177),
(90299, 84427),
(87835, 36125),
(2333, 96716),
(8598, 96009),
(45041, 37068),
(15328, 52462),
(14885, 52462),
(29903, 38316),
(60171, 54488),
(59202, 63375),
(63166, 32405),
(7423, 33625),
(89404, 54483),
(31746, 86280),
(13186, 20023),
(63141, 47793),
(87944, 38877),
(59661, 63263),
(27385, 29542),
(6634, 33625),
(67726, 50794),
(67096, 14393),
(7666, 33625),
(31744, 86280),
(54654, 95437),
(59827, 94337),
(16843, 94278),
(52017, 46963),
(21037, 18425),
(87365, 62858),
(26702, 55727),
(66067, 19251),
(183, 5120),
(34786, 33787),
(73322, 58895); -- 1000

INSERT INTO challenges2 (challenge_id, hacker_id)
VALUES
(19180, 64036),
(43524, 65843),
(12901, 20023),
(11108, 77173),
(60340, 41157),
(60528, 42260),
(66458, 53464),
(40563, 19835),
(31314, 42277),
(27516, 29542),
(85645, 42433),
(62293, 96579),
(62995, 3640),
(61412, 62858),
(68577, 73799),
(40351, 19835),
(5229, 41805),
(12120, 20023),
(888, 5120),
(60925, 94746),
(32257, 86280),
(45136, 37068),
(65915, 88069),
(24740, 58209),
(12079, 20023),
(17428, 69471),
(70136, 53451),
(19515, 64036),
(18712, 69471),
(68912, 80004),
(23543, 38035),
(55656, 54461),
(41785, 7302),
(17538, 69471),
(6202, 33625),
(60066, 88951),
(77526, 18839),
(42299, 7302),
(51652, 12766),
(17868, 69471),
(78521, 54488),
(1180, 5120),
(62882, 60071),
(47268, 23428),
(21849, 18425),
(61166, 77810),
(56113, 54461),
(12189, 20023),
(51064, 12766),
(58823, 65176),
(29927, 38316),
(59557, 53464),
(18861, 69471),
(54577, 95437),
(19607, 64036),
(32522, 86280),
(61684, 93011),
(12072, 20023),
(2862, 96716),
(26619, 55727),
(87958, 46468),
(17933, 69471),
(53853, 52965),
(81793, 3740),
(12898, 20023),
(3608, 96716),
(50950, 12766),
(46885, 23428),
(8481, 96009),
(81603, 96579),
(63596, 10068),
(87781, 23545),
(20666, 64036),
(19429, 64036),
(45707, 37068),
(10714, 77173),
(17263, 94278),
(57339, 39582),
(29655, 38316),
(44528, 37068),
(30736, 42277),
(33207, 72866),
(15689, 94278),
(6762, 33625),
(2892, 96716),
(33918, 72866),
(13342, 20023),
(41962, 7302),
(90167, 52789),
(25644, 52050),
(7989, 96009),
(36601, 29483),
(64526, 70916),
(58288, 95010),
(18743, 69471),
(85177, 33710),
(61087, 96579),
(30582, 31426),
(30481, 31426),
(65546, 87885),
(38481, 87524),
(58668, 95010),
(39246, 19835),
(53387, 52965),
(34280, 72866),
(66292, 59748),
(42720, 65843),
(56306, 54461),
(29209, 38316),
(17335, 69471),
(32029, 86280),
(12312, 20023),
(52759, 46963),
(76758, 42460),
(84137, 83045),
(7234, 33625),
(46658, 33177),
(31652, 86280),
(1975, 96716),
(74232, 66655),
(5555, 41805),
(3915, 96716),
(67864, 8549),
(24878, 59455),
(52976, 46963),
(57963, 39582),
(66698, 85834),
(765, 5120),
(69622, 88875),
(45648, 37068),
(12864, 20023),
(53729, 52965),
(35035, 33787),
(86852, 28180),
(23294, 38035),
(48139, 99388),
(11891, 77173),
(81769, 8096),
(8654, 96009),
(82360, 78575),
(25029, 59455),
(49431, 5443),
(10110, 77173),
(57263, 39582),
(4045, 41805),
(29556, 38316),
(592, 5120),
(75621, 88534),
(12942, 20023),
(46024, 33177),
(48365, 99388),
(61545, 28879),
(9272, 96009),
(30035, 38316),
(89701, 87040),
(67589, 83045),
(74927, 25638),
(3562, 96716),
(31860, 86280),
(69775, 33710),
(4526, 41805),
(5012, 41805),
(74861, 87118),
(47359, 23428),
(26173, 27277),
(11925, 20023),
(46694, 23428),
(17738, 69471),
(5863, 41805),
(1353, 5120),
(64193, 66381),
(32795, 86280),
(73995, 1315),
(43044, 65843),
(45587, 37068),
(75134, 18939),
(26465, 55727),
(71314, 63466),
(48437, 99388),
(22347, 18425),
(19652, 64036),
(56245, 54461),
(50463, 12766),
(54942, 95437),
(6350, 33625),
(76762, 83823),
(56429, 54461),
(1590, 5120),
(50130, 12766),
(31875, 86280),
(41322, 77105),
(36367, 29483),
(41699, 90267),
(44276, 37068),
(27722, 29542),
(85430, 4087),
(85115, 37643),
(77820, 61102),
(43385, 65843),
(16327, 94278),
(40049, 19835),
(32120, 86280),
(718, 5120),
(8661, 96009),
(42991, 65843),
(9799, 96009),
(8263, 96009),
(10317, 77173),
(16747, 94278),
(24059, 31465),
(73201, 17283),
(76902, 86419),
(65755, 18939),
(67616, 30401),
(65865, 87567),
(14654, 52462),
(23667, 38035),
(77741, 66641),
(36512, 29483),
(67941, 28807),
(89380, 15145),
(72800, 93011),
(12085, 20023),
(84783, 46144),
(89979, 42856),
(69428, 88887),
(14611, 52462),
(65145, 18839),
(83943, 8096),
(78522, 25759),
(24876, 59455),
(65478, 10068),
(78218, 31955),
(21247, 18425),
(84925, 17283),
(78357, 11658),
(46065, 33177),
(87622, 36562),
(36472, 29483),
(58500, 95010),
(43441, 65843),
(7694, 33625),
(8041, 96009),
(48386, 99388),
(11009, 77173),
(30972, 42277),
(74718, 19251),
(89323, 67399),
(44406, 37068),
(52298, 46963); -- 1250

INSERT INTO challenges2 (challenge_id, hacker_id)
VALUES
(22488, 18425),
(23704, 38035),
(76692, 72311),
(10427, 77173),
(12112, 20023),
(43871, 27071),
(5593, 41805),
(12809, 20023),
(29990, 38316),
(64379, 72321),
(8787, 96009),
(74423, 63375),
(8963, 96009),
(20764, 18425),
(81593, 41632),
(17022, 94278),
(3091, 96716),
(78588, 25687),
(64440, 82994),
(62988, 68860),
(37003, 45855),
(78700, 86419),
(42783, 65843),
(29363, 38316),
(86342, 93085),
(48709, 5443),
(22567, 18425),
(15634, 94278),
(14027, 52462),
(46710, 23428),
(24081, 31465),
(8655, 96009),
(19109, 64036),
(58110, 95010),
(72373, 96635),
(25859, 27277),
(6398, 33625),
(88055, 4148),
(66895, 81506),
(10182, 77173),
(31826, 86280),
(43588, 27071),
(60494, 82190),
(13457, 52462),
(75604, 76786),
(24542, 58209),
(62343, 86419),
(29382, 38316),
(74072, 3640),
(18481, 69471),
(46508, 33177),
(62593, 30401),
(52827, 46963),
(85639, 45019),
(16750, 94278),
(59412, 10938),
(11691, 77173),
(90192, 25759),
(66847, 16866),
(58985, 38123),
(55101, 95437),
(46001, 33177),
(75814, 57556),
(83543, 65981),
(22412, 18425),
(85360, 56103),
(85332, 78575),
(63280, 2689),
(66884, 81123),
(77909, 2289),
(1999, 96716),
(68991, 14215),
(59997, 3432),
(24937, 59455),
(58753, 42260),
(65204, 2245),
(16414, 94278),
(27338, 21813),
(38341, 87524),
(6712, 33625),
(48976, 5443),
(7008, 33625),
(43141, 65843),
(71267, 12119),
(58755, 14215),
(86884, 74746),
(88663, 34385),
(64004, 73799),
(49709, 76856),
(1051, 5120),
(16313, 94278),
(90282, 62259),
(28311, 84085),
(76885, 9910),
(15690, 94278),
(23540, 38035),
(54738, 95437),
(43217, 65843),
(87967, 80491),
(77282, 86203),
(48332, 99388),
(85450, 96905),
(52432, 46963),
(85867, 45019),
(48455, 5443),
(25585, 52050),
(38262, 87524),
(86414, 32405),
(76361, 17283),
(680, 5120),
(78479, 40841),
(40829, 77105),
(45676, 37068),
(63510, 96579),
(83806, 87305),
(11486, 77173),
(53390, 52965),
(11227, 77173),
(37985, 87524),
(39813, 19835),
(44214, 37068),
(63938, 80491),
(22321, 18425),
(39493, 19835),
(59989, 32797),
(27316, 21813),
(86425, 1468),
(46607, 33177),
(53674, 52965),
(17821, 69471),
(84569, 80491),
(40964, 77105),
(82573, 75678),
(45759, 37068),
(27510, 29542),
(39065, 87524),
(3890, 96716),
(2602, 96716),
(76982, 59871),
(42479, 7302),
(47639, 23428),
(16533, 94278),
(1887, 5120),
(639, 5120),
(89028, 41617),
(56176, 54461),
(72491, 30893),
(7606, 33625),
(61184, 80004),
(32394, 86280),
(15468, 94278),
(8816, 96009),
(85053, 8549),
(62682, 17419),
(52949, 46963),
(64647, 81123),
(48625, 5443),
(48682, 5443),
(79667, 32797),
(34890, 33787),
(48399, 99388),
(53314, 46963),
(45102, 37068),
(50596, 12766),
(60735, 10975),
(24506, 58209),
(83428, 59748),
(84246, 52640),
(42487, 7302),
(37335, 45855),
(46209, 33177),
(71374, 17867),
(41969, 7302),
(44962, 37068),
(46340, 33177),
(33373, 72866),
(60276, 92879),
(54201, 52965),
(72631, 20388),
(11736, 77173),
(62455, 60071),
(87915, 52992),
(24168, 31465),
(63827, 2069),
(73422, 90125),
(12511, 20023),
(19643, 64036),
(33061, 72866),
(20211, 64036),
(88981, 90125),
(83742, 54488),
(27742, 84085),
(12979, 20023),
(72220, 8125),
(79678, 44860),
(72537, 68187),
(18751, 69471),
(9513, 96009),
(41315, 77105),
(88367, 17729),
(51030, 12766),
(70394, 11406),
(36449, 29483),
(72066, 63730),
(21489, 18425),
(19894, 64036),
(9115, 96009),
(14594, 52462),
(60396, 88083),
(25206, 5734),
(81175, 58358),
(22398, 18425),
(470, 5120),
(34234, 72866),
(62826, 96579),
(12084, 20023),
(55855, 54461),
(72539, 79179),
(3179, 96716),
(28102, 84085),
(70431, 29987),
(16636, 94278),
(89880, 11406),
(29169, 38316),
(39696, 19835),
(68978, 12466),
(28956, 84085),
(48685, 5443),
(89266, 33489),
(11360, 77173),
(67269, 88951),
(13642, 52462),
(72451, 3834),
(7682, 33625),
(27141, 21813),
(86981, 81506),
(35930, 29483),
(58171, 95010),
(77407, 84427),
(21418, 18425),
(50590, 12766),
(60702, 78612),
(26365, 55727),
(29438, 38316),
(39890, 19835),
(40814, 77105),
(24818, 59455),
(58221, 95010),
(68496, 38824),
(42794, 65843); -- 1500

INSERT INTO challenges2 (challenge_id, hacker_id)
VALUES
(11815, 77173),
(87038, 73175),
(48161, 99388),
(36922, 45855),
(20709, 64036),
(81926, 12466),
(47051, 23428),
(28905, 84085),
(31607, 42277),
(49473, 72609),
(34309, 72866),
(4193, 41805),
(17866, 69471),
(60576, 158),
(30733, 42277),
(20396, 64036),
(7534, 33625),
(71202, 11715),
(10452, 77173),
(42063, 7302),
(6250, 33625),
(51227, 12766),
(12961, 20023),
(85215, 36125),
(35211, 33787),
(73556, 2289),
(1853, 5120),
(56918, 39582),
(10111, 77173),
(41327, 77105),
(37541, 45855),
(78265, 17419),
(80505, 44488),
(30267, 31426),
(25144, 5734),
(7951, 96009),
(32756, 86280),
(82099, 11019),
(7041, 33625),
(1416, 5120),
(31756, 86280),
(90263, 17846),
(70074, 49357),
(42620, 7302),
(19001, 64036),
(76860, 47822),
(67623, 26332),
(55499, 95437),
(64168, 77810),
(14056, 52462),
(65076, 54488),
(20463, 64036),
(15552, 94278),
(43967, 37068),
(89290, 47069),
(89644, 37065),
(83444, 23545),
(72154, 3740),
(32078, 86280),
(5077, 41805),
(70406, 40373),
(33756, 72866),
(83358, 20838),
(12132, 20023),
(58925, 88084),
(80750, 55678),
(81693, 75058),
(71975, 89514),
(43773, 27071),
(71240, 53768),
(38482, 87524),
(88791, 84537),
(73615, 93312),
(60704, 38540),
(19797, 64036),
(72858, 39618),
(2822, 96716),
(88302, 64882),
(36929, 45855),
(34026, 72866),
(43500, 65843),
(33162, 72866),
(46506, 33177),
(50458, 12766),
(80642, 94981),
(53328, 52965),
(72053, 3640),
(15565, 94278),
(36125, 29483),
(85779, 47156),
(17292, 69471),
(29139, 38316),
(49952, 12766),
(17753, 69471),
(20050, 64036),
(58785, 20267),
(18865, 69471),
(35152, 33787),
(1163, 5120),
(46041, 33177),
(6736, 33625),
(71336, 23812),
(26770, 21813),
(47552, 23428),
(46711, 23428),
(68600, 25759),
(4971, 41805),
(28483, 84085),
(24492, 58209),
(51440, 12766),
(42849, 65843),
(45442, 37068),
(32967, 86280),
(19126, 64036),
(65118, 15145),
(32831, 86280),
(76661, 28180),
(43781, 27071),
(35142, 33787),
(49840, 76856),
(73721, 12119),
(5971, 41805),
(24777, 58209),
(39717, 19835),
(82404, 3834),
(41037, 77105),
(89372, 16866),
(6561, 33625),
(43300, 65843),
(40875, 77105),
(12539, 20023),
(5435, 41805),
(31715, 86280),
(57367, 39582),
(58511, 95010),
(40021, 19835),
(33929, 72866),
(27485, 29542),
(35540, 29483),
(53993, 52965),
(39244, 19835),
(45190, 37068),
(69537, 24531),
(37294, 45855),
(13219, 20023),
(1905, 5120),
(55834, 54461),
(5253, 41805),
(28388, 84085),
(77173, 40792),
(25870, 27277),
(30955, 42277),
(66083, 81559),
(10737, 77173),
(56814, 39582),
(16657, 94278),
(10880, 77173),
(54910, 95437),
(10832, 77173),
(79871, 45685),
(35128, 33787),
(4904, 41805),
(18274, 69471),
(17494, 69471),
(26278, 55727),
(66579, 10058),
(44770, 37068),
(79898, 83407),
(18348, 69471),
(66063, 3834),
(4092, 41805),
(27744, 84085),
(10742, 77173),
(53197, 46963),
(15905, 94278),
(88444, 17867),
(50766, 12766),
(41117, 77105),
(10238, 77173),
(39394, 19835),
(6058, 33625),
(13887, 52462),
(13839, 52462),
(43035, 65843),
(47060, 23428),
(9396, 96009),
(43049, 65843),
(12270, 20023),
(14718, 52462),
(76339, 16866),
(16356, 94278),
(1538, 5120),
(68537, 93085),
(84854, 16866),
(5371, 41805),
(64384, 87862),
(52926, 46963),
(38832, 87524),
(38207, 87524),
(78809, 52789),
(9689, 96009),
(57545, 39582),
(29098, 38316),
(72907, 78091),
(88370, 68187),
(48377, 99388),
(43154, 65843),
(73899, 66456),
(5865, 41805),
(30011, 38316),
(14918, 52462),
(78068, 30778),
(37849, 87524),
(25479, 52050),
(57528, 39582),
(85278, 40841),
(61704, 80004),
(3452, 96716),
(37532, 45855),
(23259, 38035),
(67154, 20267),
(24603, 58209),
(74431, 5367),
(67467, 73018),
(52654, 46963),
(56344, 54461),
(3484, 96716),
(16358, 94278),
(41418, 77105),
(88775, 83407),
(86729, 51815),
(83590, 89860),
(29026, 38316),
(32622, 86280),
(29537, 38316),
(56346, 54461),
(73477, 92268),
(54799, 95437),
(14071, 52462),
(65179, 8157),
(86247, 80663),
(24254, 31465),
(87947, 32735),
(65852, 8505),
(66603, 97831),
(42271, 7302),
(75179, 74432),
(7396, 33625),
(17083, 94278),
(26457, 55727); -- 1750

INSERT INTO challenges2 (challenge_id, hacker_id)
VALUES
(78504, 40754),
(50535, 12766),
(50289, 12766),
(20763, 18425),
(43245, 65843),
(41022, 77105),
(64197, 27804),
(74962, 90369),
(85921, 80004),
(74204, 37764),
(48024, 99388),
(35454, 29483),
(76414, 75058),
(64858, 5367),
(22828, 18425),
(18691, 69471),
(21034, 18425),
(47044, 23428),
(16887, 94278),
(63385, 82190),
(86297, 45978),
(20170, 64036),
(52199, 46963),
(28199, 84085),
(3296, 96716),
(2354, 96716),
(64383, 43240),
(45275, 37068),
(69468, 41632),
(71774, 81506),
(10393, 77173),
(39830, 19835),
(4211, 41805),
(39081, 87524),
(47837, 99388),
(58560, 95010),
(66246, 20388),
(22709, 18425),
(58098, 95010),
(20670, 64036),
(82674, 30893),
(63664, 85094),
(44828, 37068),
(18411, 69471),
(49045, 5443),
(86190, 37317),
(8807, 96009),
(37262, 45855),
(6015, 41805),
(51375, 12766),
(85330, 80004),
(31294, 42277),
(73733, 61987),
(82981, 61716),
(19167, 64036),
(83166, 29340),
(45182, 37068),
(84749, 42433),
(31900, 86280),
(31457, 42277),
(49455, 72609),
(72198, 93312),
(26414, 55727),
(72636, 31955),
(23380, 38035),
(47042, 23428),
(65887, 75719),
(62006, 15109),
(87298, 4586),
(23955, 31465),
(37851, 87524),
(49948, 12766),
(76519, 61769),
(37411, 45855),
(46786, 23428),
(1246, 5120),
(5721, 41805),
(2184, 96716),
(51936, 46963),
(88157, 57790),
(89611, 74953),
(41646, 90267),
(9516, 96009),
(69504, 95808),
(19943, 64036),
(70847, 86142),
(86944, 50794),
(70020, 61987),
(29380, 38316),
(5550, 41805),
(14750, 52462),
(30401, 31426),
(46760, 23428),
(56341, 54461),
(51225, 12766),
(74997, 5367),
(48666, 5443),
(65234, 20077),
(73234, 44488),
(86700, 1195),
(3731, 96716),
(1659, 5120),
(81877, 69386),
(15754, 94278),
(66137, 96521),
(85102, 55500),
(89588, 92906),
(74597, 91),
(55851, 54461),
(23161, 18425),
(82478, 96635),
(18337, 69471),
(50210, 12766),
(28999, 84085),
(89201, 81123),
(32411, 86280),
(45224, 37068),
(80371, 8505),
(88139, 4148),
(13263, 20023),
(61082, 84703),
(30099, 38316),
(58629, 95010),
(24844, 59455),
(50020, 12766),
(31105, 42277),
(76993, 29423),
(28510, 84085),
(59119, 58358),
(69131, 32364),
(81314, 68569),
(10879, 77173),
(49518, 72609),
(8085, 96009),
(15461, 94278),
(13282, 20023),
(8658, 96009),
(82562, 13203),
(45666, 37068),
(61053, 37331),
(36912, 45855),
(90183, 87118),
(55581, 95437),
(67045, 8157),
(12754, 20023),
(71250, 28180),
(54035, 52965),
(90137, 57873),
(11904, 77173),
(82362, 40373),
(80776, 73018),
(58219, 95010),
(52874, 46963),
(35125, 33787),
(63763, 40792),
(81454, 29340),
(6264, 33625),
(71188, 55197),
(60470, 6973),
(36237, 29483),
(613, 5120),
(17270, 94278),
(69652, 76312),
(18333, 69471),
(52610, 46963),
(35091, 33787),
(30220, 31426),
(6465, 33625),
(69500, 41157),
(6888, 33625),
(38865, 87524),
(48903, 5443),
(89562, 10938),
(43873, 27071),
(16910, 94278),
(66591, 88875),
(14290, 52462),
(14401, 52462),
(67203, 7565),
(43883, 37068),
(87935, 89860),
(53739, 52965),
(74458, 52858),
(34423, 72866),
(75822, 47069),
(32486, 86280),
(35658, 29483),
(31957, 86280),
(83029, 13905),
(13936, 52462),
(9820, 96009),
(59051, 69386),
(8326, 96009),
(73032, 79739),
(19428, 64036),
(32229, 86280),
(2026, 96716),
(78677, 83823),
(56590, 39582),
(60375, 35709),
(15941, 94278),
(25625, 52050),
(67714, 37317),
(24996, 59455),
(2154, 96716),
(18160, 69471),
(4210, 41805),
(66570, 92879),
(18920, 64036),
(89314, 43595),
(39358, 19835),
(7299, 33625),
(14442, 52462),
(52251, 46963),
(24560, 58209),
(79065, 92239),
(45025, 37068),
(6653, 33625),
(4308, 41805),
(51302, 12766),
(36835, 45855),
(41873, 7302),
(11232, 77173),
(5445, 41805),
(9004, 96009),
(65396, 50560),
(10930, 77173),
(27375, 29542),
(71565, 88858),
(5751, 41805),
(24414, 58209),
(27303, 21813),
(28109, 84085),
(1755, 5120),
(42515, 7302),
(19423, 64036),
(24638, 58209),
(72559, 3740),
(21019, 18425),
(78946, 53464),
(26096, 27277),
(29436, 38316),
(34700, 33787),
(18248, 69471),
(15024, 52462),
(20778, 18425),
(34871, 33787),
(22667, 18425),
(16509, 94278),
(59333, 52789); -- 2000

INSERT INTO challenges2 (challenge_id, hacker_id)
VALUES
(36633, 29483),
(44129, 37068),
(23145, 18425),
(66224, 39618),
(31090, 42277),
(51702, 46963),
(39282, 19835),
(48148, 99388),
(41305, 77105),
(86071, 30908),
(7193, 33625),
(54257, 95437),
(89835, 17010),
(55437, 95437),
(81279, 37643),
(41094, 77105),
(64389, 68569),
(4659, 41805),
(73793, 83823),
(33656, 72866),
(33801, 72866),
(84682, 37331),
(51592, 12766),
(4288, 41805),
(15245, 52462),
(33240, 72866),
(83424, 12466),
(73110, 33069),
(63442, 22496),
(9880, 77173),
(20221, 64036),
(57043, 39582),
(49964, 12766),
(9615, 96009),
(109, 5120),
(18817, 69471),
(72105, 63466),
(77548, 44860),
(33545, 72866),
(58708, 29598),
(20803, 18425),
(83618, 52992),
(82735, 55500),
(22194, 18425),
(9917, 77173),
(3016, 96716),
(42492, 7302),
(54093, 52965),
(19073, 64036),
(54376, 95437),
(59331, 60071),
(62138, 13075),
(73337, 70916),
(16915, 94278),
(4465, 41805),
(67559, 22396),
(27940, 84085),
(60381, 17282),
(36987, 45855),
(39373, 19835),
(59677, 79739),
(64200, 1804),
(24493, 58209),
(7225, 33625),
(57814, 39582),
(60782, 82100),
(78190, 72168),
(41558, 90267),
(1529, 5120),
(77684, 61716),
(87869, 29242),
(72774, 83308),
(64983, 63466),
(76741, 42856),
(22363, 18425),
(61411, 82100),
(68585, 54510),
(63607, 72311),
(56230, 54461),
(46157, 33177),
(8097, 96009),
(86724, 58543),
(9265, 96009),
(33610, 72866),
(20486, 64036),
(53258, 46963),
(86848, 8549),
(68781, 52992),
(82288, 17010),
(67424, 1195),
(64789, 21350),
(46707, 23428),
(88228, 8157),
(36303, 29483),
(65961, 42433),
(53863, 52965),
(54891, 95437),
(49641, 76856),
(79550, 72168),
(45775, 37068),
(44575, 37068),
(72981, 29598),
(39197, 19835),
(21334, 18425),
(12755, 20023),
(43425, 65843),
(51461, 12766),
(85827, 63961),
(37285, 45855),
(32108, 86280),
(62664, 86203),
(64827, 86592),
(73973, 75719),
(34787, 33787),
(35077, 33787),
(21390, 18425),
(53589, 52965),
(24149, 31465),
(37615, 87524),
(64614, 8125),
(55711, 54461),
(35682, 29483),
(13116, 20023),
(2438, 96716),
(81252, 47822),
(64257, 82994),
(46351, 33177),
(13069, 20023),
(54794, 95437),
(68804, 45978),
(47781, 99388),
(37509, 45855),
(75224, 88534),
(14397, 52462),
(50314, 12766),
(6224, 33625),
(62813, 2373),
(19453, 64036),
(28687, 84085),
(79457, 41617),
(83766, 10068),
(79459, 6973),
(78748, 31770),
(8500, 96009),
(36167, 29483),
(62021, 66655),
(12764, 20023),
(89429, 57799),
(11788, 77173),
(83892, 88887),
(74752, 91),
(83033, 41362),
(1044, 5120),
(77236, 66381),
(53326, 52965),
(69784, 10068),
(16117, 94278),
(6782, 33625),
(48780, 5443),
(50614, 12766),
(6149, 33625),
(17044, 94278),
(44493, 37068),
(10765, 77173),
(36920, 45855),
(1411, 5120),
(44439, 37068),
(18275, 69471),
(27422, 29542),
(891, 5120),
(49085, 5443),
(38291, 87524),
(64356, 55500),
(12875, 20023),
(74714, 36562),
(36029, 29483),
(8294, 96009),
(53403, 52965),
(59308, 1804),
(40711, 19835),
(63835, 85834),
(71035, 29423),
(72348, 67538),
(64995, 27804),
(24182, 31465),
(37392, 45855),
(27371, 21813),
(68679, 75058),
(2045, 96716),
(18116, 69471),
(25266, 5734),
(54676, 95437),
(63738, 78612),
(6518, 33625),
(4095, 41805),
(83447, 17010),
(41555, 90267),
(22023, 18425),
(71486, 10949),
(35740, 29483),
(62692, 59527),
(90177, 35709),
(89873, 27797),
(33296, 72866),
(16652, 94278),
(35570, 29483),
(879, 5120),
(48610, 5443),
(29850, 38316),
(3062, 96716),
(6896, 33625),
(25793, 27277),
(7730, 33625),
(52582, 46963),
(83174, 24531),
(31929, 86280),
(34921, 33787),
(5914, 41805),
(72367, 17311),
(61472, 66445),
(12166, 20023),
(80160, 89811),
(3527, 96716),
(20164, 64036),
(25295, 5734),
(3247, 96716),
(17644, 69471),
(13540, 52462),
(44256, 37068),
(57242, 39582),
(86002, 95829),
(49496, 72609),
(88446, 17419),
(64494, 74126),
(17545, 69471),
(610, 5120),
(34177, 72866),
(59638, 86127),
(45395, 37068),
(86811, 49357),
(79582, 95135),
(81592, 3740),
(24758, 58209),
(68483, 84703),
(68628, 57799),
(69924, 65981),
(40005, 19835),
(77377, 65981),
(42425, 7302),
(25378, 52050); -- 2250

----------------------------------------------------------------------------------------------
with cte as (select c.hacker_id,h.name,
COUNT(*) as c_created
from challenges2 as c
JOIN hackers2 as h
ON c.hacker_id = h.hacker_id
GROUP BY c.hacker_id,h.name),

cte2 as (select *,
COUNT(*) over(PARTITION BY cte.c_created) as total_count
from cte
ORDER BY c_created DESC)

select cte2.hacker_id, cte2.name, cte2.c_created from cte2
WHERE (cte2.c_created = (select MAX(cte2.c_created) from cte2)) OR cte2.total_count = 1
ORDER BY c_created DESC,hacker_id;
---------------------------------------------------------------------------------------------------------------

with cte as (select hackers.hacker_id,hackers.name,submissions.challenge_id,submissions.submission_id,submissions.score,
              ROW_NUMBER() OVER(PARTITION BY hackers.hacker_id,submissions.challenge_id ORDER BY submissions.score DESC) as rank_score
              from hackers3 as hackers
              JOIN submissions2 as submissions
              ON hackers.hacker_id = submissions.hacker_id),

-- select hacker_id,name,score,challenge_id
-- from cte
-- WHERE rank_score = 1;
              
cte2 as (select hacker_id,name,score,challenge_id from cte
WHERE rank_score = 1)

select hacker_id,name, 
sum(score)
from cte2
GROUP BY hacker_id,name
HAVING sum(score)>0
ORDER BY sum(score) DESC, hacker_id ASC;
              
CREATE TABLE projects (
    task_id INT PRIMARY KEY,
    start_date DATE,
    end_date DATE
);

INSERT INTO projects (task_id, start_date, end_date)
VALUES
    (1, '2015-10-01', '2015-10-02'),
    (24, '2015-10-02', '2015-10-03'),
    (2, '2015-10-03', '2015-10-04'),
    (23, '2015-10-04', '2015-10-05'),
    (3, '2015-10-11', '2015-10-12'),
    (22, '2015-10-12', '2015-10-13'),
    (4, '2015-10-15', '2015-10-16'),
    (21, '2015-10-17', '2015-10-18'),
    (5, '2015-10-19', '2015-10-20'),
    (20, '2015-10-21', '2015-10-22'),
    (6, '2015-10-25', '2015-10-26'),
    (19, '2015-10-26', '2015-10-27'),
    (7, '2015-10-27', '2015-10-28'),
    (18, '2015-10-28', '2015-10-29'),
    (8, '2015-10-29', '2015-10-30'),
    (17, '2015-10-30', '2015-10-31'),
    (9, '2015-11-01', '2015-11-02'),
    (16, '2015-11-04', '2015-11-05'),
    (10, '2015-11-07', '2015-11-08'),
    (15, '2015-11-06', '2015-11-07'),
    (11, '2015-11-05', '2015-11-06'),
    (14, '2015-11-11', '2015-11-12'),
    (12, '2015-11-12', '2015-11-13'),
    (13, '2015-11-17', '2015-11-18');



select * from projects;

with cte as (select *,
lead(end_date) over() as lead_end,
lead(end_date) over() - start_date as diff
from projects)

select *, 
dense_rank() over(partition by diff order by start_date asc)
from cte
order by start_date
;


	with cte as (SELECT
	CASE WHEN occupation = 'Doctor' THEN name ELSE 'zzz' END Doctor,
	CASE WHEN occupation = 'Professor' THEN name ELSE 'zzz' END Professor,
	CASE WHEN occupation = 'Singer' THEN name ELSE 'zzz' END Singer,
	CASE WHEN occupation = 'Actor' THEN name ELSE 'zzz' END Actor,
  row_number() over() as rn
	FROM occupation
ORDER BY Doctor ASC),

cte2 as (select rn,Doctor,t2.Professor,t3.Singer,t4.Actor
from cte
JOIN
(select Professor,
row_number() over(order by Professor) as rn_2
from cte) as t2
ON cte.rn=t2.rn_2
JOIN
(select Singer,
row_number() over(order by Singer) as rn_3
from cte) as t3
ON cte.rn=t3.rn_3
JOIN
(select Actor,
row_number() over(order by Actor) as rn_4
from cte) as t4
ON cte.rn=t4.rn_4
)
select * from cte2
where Professor!='zzz';

---------------------------------------------------

WITH cte AS (
    SELECT
        CASE WHEN occupation = 'Doctor' THEN name ELSE 'zzz' END AS Doctor,
        CASE WHEN occupation = 'Professor' THEN name ELSE 'zzz' END AS Professor,
        CASE WHEN occupation = 'Singer' THEN name ELSE 'zzz' END AS Singer,
        CASE WHEN occupation = 'Actor' THEN name ELSE 'zzz' END AS Actor,
        ROW_NUMBER() OVER () AS rn
    FROM occupations
    ORDER BY Doctor ASC
),
cte2 AS (
    SELECT rn, Doctor, t2.Professor, t3.Singer, t4.Actor
    FROM cte
    JOIN (
        SELECT Professor, ROW_NUMBER() OVER (ORDER BY Professor) AS rn_2
        FROM cte
    ) AS t2 ON cte.rn = t2.rn_2
    JOIN (
        SELECT Singer, ROW_NUMBER() OVER (ORDER BY Singer) AS rn_3
        FROM cte
    ) AS t3 ON cte.rn = t3.rn_3
    JOIN (
        SELECT Actor, ROW_NUMBER() OVER (ORDER BY Actor) AS rn_4
        FROM cte
    ) AS t4 ON cte.rn = t4.rn_4
)

SELECT
    CASE WHEN Doctor = 'zzz' THEN NULL ELSE Doctor END AS Doctor,
    CASE WHEN Professor = 'zzz' THEN NULL ELSE Professor END AS Professor,
    CASE WHEN Singer = 'zzz' THEN NULL ELSE Singer END AS Singer,
    CASE WHEN Actor = 'zzz' THEN NULL ELSE Actor END AS Actor
FROM cte2
WHERE Professor != 'zzz';


---------------------------------------------------





-- Create the table
-- CREATE TABLE BST (
--     N INT,
--     P INT
-- );

-- Insert values into the table-- 
-- INSERT INTO BST (N, P)
-- VALUES
-- (1, 2),
-- (3, 2),
-- (5, 6),
-- (7, 6),
-- (2, 4),
-- (6, 4),
-- (4, 15),
-- (8, 9),
-- (10, 9),
-- (12, 13),
-- (14, 13),
-- (9, 11),
-- (13, 11),
-- (11, 15),
-- (15, NULL);

select * from bst;

SELECT N,
  CASE
    WHEN P IS NULL THEN 'Root'
    WHEN N IN (SELECT P FROM BST) THEN 'Inner'
    ELSE 'Leaf'
  END
FROM BST ORDER BY N;


